brand,house_name,garage_side,orientation,star_rating,best_worst,compliance_cost
Hermitage Homes,Access 18 HPS,Left,N,7.3,B,5000
Hermitage Homes,Access 18 HPS,Left,NE,7.1,W,15000
Hermitage Homes,Access 18 HPS,Left,E,7,W,15000
Hermitage Homes,Access 18 HPS,Left,SE,7.1,W,15000
Hermitage Homes,Access 18 HPS,Left,S,7.3,B,5000
Hermitage Homes,Access 18 HPS,Left,SW,7.2,W,15000
Hermitage Homes,Access 18 HPS,Left,W,7.1,W,15000
Hermitage Homes,Access 18 HPS,Left,NW,7.2,W,15000
Hermitage Homes,Access 18 HPS,Right,N,7.3,B,5000
Hermitage Homes,Access 18 HPS,Right,NE,7.1,W,15000
Hermitage Homes,Access 18 HPS,Right,E,7,W,15000
Hermitage Homes,Access 18 HPS,Right,SE,7.1,W,15000
Hermitage Homes,Access 18 HPS,Right,S,7.3,B,5000
Hermitage Homes,Access 18 HPS,Right,SW,7.2,W,15000
Hermitage Homes,Access 18 HPS,Right,W,7.1,W,15000
Hermitage Homes,Access 18 HPS,Right,NW,7.2,B,5000
Hermitage Homes,Access 18 IL,Left,N,7.3,B,5000
Hermitage Homes,Access 18 IL,Left,NE,7.1,W,15000
Hermitage Homes,Access 18 IL,Left,E,7,W,15000
Hermitage Homes,Access 18 IL,Left,SE,7.1,W,15000
Hermitage Homes,Access 18 IL,Left,S,7.3,B,5000
Hermitage Homes,Access 18 IL,Left,SW,7.2,W,15000
Hermitage Homes,Access 18 IL,Left,W,7.1,W,15000
Hermitage Homes,Access 18 IL,Left,NW,7.2,W,15000
Hermitage Homes,Access 18 IL,Right,N,7.3,B,5000
Hermitage Homes,Access 18 IL,Right,NE,7.1,W,15000
Hermitage Homes,Access 18 IL,Right,E,7,W,15000
Hermitage Homes,Access 18 IL,Right,SE,7.1,W,15000
Hermitage Homes,Access 18 IL,Right,S,7.3,B,5000
Hermitage Homes,Access 18 IL,Right,SW,7.2,W,15000
Hermitage Homes,Access 18 IL,Right,W,7.1,W,15000
Hermitage Homes,Access 18 IL,Right,NW,7.2,B,5000
Hermitage Homes,Access 19 HPS,Left,N,7.3,B,5000
Hermitage Homes,Access 19 HPS,Left,NE,7.1,W,15000
Hermitage Homes,Access 19 HPS,Left,E,7,W,15000
Hermitage Homes,Access 19 HPS,Left,SE,7.1,W,15000
Hermitage Homes,Access 19 HPS,Left,S,7.3,B,5000
Hermitage Homes,Access 19 HPS,Left,SW,7.2,W,15000
Hermitage Homes,Access 19 HPS,Left,W,7.1,W,15000
Hermitage Homes,Access 19 HPS,Left,NW,7.2,W,15000
Hermitage Homes,Access 19 HPS,Right,N,7.3,B,5000
Hermitage Homes,Access 19 HPS,Right,NE,7.1,W,15000
Hermitage Homes,Access 19 HPS,Right,E,7,W,15000
Hermitage Homes,Access 19 HPS,Right,SE,7.1,W,15000
Hermitage Homes,Access 19 HPS,Right,S,7.3,B,5000
Hermitage Homes,Access 19 HPS,Right,SW,7.2,W,15000
Hermitage Homes,Access 19 HPS,Right,W,7.1,W,15000
Hermitage Homes,Access 19 HPS,Right,NW,7.2,B,5000
Hermitage Homes,Access 19 IL,Left,N,7.3,B,5000
Hermitage Homes,Access 19 IL,Left,NE,7.1,W,15000
Hermitage Homes,Access 19 IL,Left,E,7,W,15000
Hermitage Homes,Access 19 IL,Left,SE,7.1,W,15000
Hermitage Homes,Access 19 IL,Left,S,7.3,B,5000
Hermitage Homes,Access 19 IL,Left,SW,7.2,W,15000
Hermitage Homes,Access 19 IL,Left,W,7.1,W,15000
Hermitage Homes,Access 19 IL,Left,NW,7.2,W,15000
Hermitage Homes,Access 19 IL,Right,N,7.3,B,5000
Hermitage Homes,Access 19 IL,Right,NE,7.1,W,15000
Hermitage Homes,Access 19 IL,Right,E,7,W,15000
Hermitage Homes,Access 19 IL,Right,SE,7.1,W,15000
Hermitage Homes,Access 19 IL,Right,S,7.3,B,5000
Hermitage Homes,Access 19 IL,Right,SW,7.2,W,15000
Hermitage Homes,Access 19 IL,Right,W,7.1,W,15000
Hermitage Homes,Access 19 IL,Right,NW,7.2,B,5000
Hermitage Homes,Access 20 HPS (Access 18 with Double Garage),Left,N,7.3,B,5000
Hermitage Homes,Access 20 HPS (Access 18 with Double Garage),Left,NE,7.1,W,15000
Hermitage Homes,Access 20 HPS (Access 18 with Double Garage),Left,E,7,W,15000
Hermitage Homes,Access 20 HPS (Access 18 with Double Garage),Left,SE,7.1,W,15000
Hermitage Homes,Access 20 HPS (Access 18 with Double Garage),Left,S,7.3,B,5000
Hermitage Homes,Access 20 HPS (Access 18 with Double Garage),Left,SW,7.2,W,15000
Hermitage Homes,Access 20 HPS (Access 18 with Double Garage),Left,W,7.1,W,15000
Hermitage Homes,Access 20 HPS (Access 18 with Double Garage),Left,NW,7.2,W,15000
Hermitage Homes,Access 20 HPS (Access 18 with Double Garage),Right,N,7.3,B,5000
Hermitage Homes,Access 20 HPS (Access 18 with Double Garage),Right,NE,7.1,W,15000
Hermitage Homes,Access 20 HPS (Access 18 with Double Garage),Right,E,7,W,15000
Hermitage Homes,Access 20 HPS (Access 18 with Double Garage),Right,SE,7.1,W,15000
Hermitage Homes,Access 20 HPS (Access 18 with Double Garage),Right,S,7.3,B,5000
Hermitage Homes,Access 20 HPS (Access 18 with Double Garage),Right,SW,7.2,W,15000
Hermitage Homes,Access 20 HPS (Access 18 with Double Garage),Right,W,7.1,W,15000
Hermitage Homes,Access 20 HPS (Access 18 with Double Garage),Right,NW,7.2,B,5000
Hermitage Homes,Access 20 IL (Access 18 with Double Garage),Left,N,7.3,B,5000
Hermitage Homes,Access 20 IL (Access 18 with Double Garage),Left,NE,7.1,W,15000
Hermitage Homes,Access 20 IL (Access 18 with Double Garage),Left,E,7,W,15000
Hermitage Homes,Access 20 IL (Access 18 with Double Garage),Left,SE,7.1,W,15000
Hermitage Homes,Access 20 IL (Access 18 with Double Garage),Left,S,7.3,B,5000
Hermitage Homes,Access 20 IL (Access 18 with Double Garage),Left,SW,7.2,W,15000
Hermitage Homes,Access 20 IL (Access 18 with Double Garage),Left,W,7.1,W,15000
Hermitage Homes,Access 20 IL (Access 18 with Double Garage),Left,NW,7.2,W,15000
Hermitage Homes,Access 20 IL (Access 18 with Double Garage),Right,N,7.3,B,5000
Hermitage Homes,Access 20 IL (Access 18 with Double Garage),Right,NE,7.1,W,15000
Hermitage Homes,Access 20 IL (Access 18 with Double Garage),Right,E,7,W,15000
Hermitage Homes,Access 20 IL (Access 18 with Double Garage),Right,SE,7.1,W,15000
Hermitage Homes,Access 20 IL (Access 18 with Double Garage),Right,S,7.3,B,5000
Hermitage Homes,Access 20 IL (Access 18 with Double Garage),Right,SW,7.2,W,15000
Hermitage Homes,Access 20 IL (Access 18 with Double Garage),Right,W,7.1,W,15000
Hermitage Homes,Access 20 IL (Access 18 with Double Garage),Right,NW,7.2,B,5000
Hermitage Homes,Access 22 HPS,Left,N,7.3,B,5000
Hermitage Homes,Access 22 HPS,Left,NE,7.1,W,15000
Hermitage Homes,Access 22 HPS,Left,E,7,W,15000
Hermitage Homes,Access 22 HPS,Left,SE,7.1,W,15000
Hermitage Homes,Access 22 HPS,Left,S,7.3,B,5000
Hermitage Homes,Access 22 HPS,Left,SW,7.2,W,15000
Hermitage Homes,Access 22 HPS,Left,W,7.1,W,15000
Hermitage Homes,Access 22 HPS,Left,NW,7.2,W,15000
Hermitage Homes,Access 22 HPS,Right,N,7.3,B,5000
Hermitage Homes,Access 22 HPS,Right,NE,7.1,W,15000
Hermitage Homes,Access 22 HPS,Right,E,7,W,15000
Hermitage Homes,Access 22 HPS,Right,SE,7.1,W,15000
Hermitage Homes,Access 22 HPS,Right,S,7.3,B,5000
Hermitage Homes,Access 22 HPS,Right,SW,7.2,W,15000
Hermitage Homes,Access 22 HPS,Right,W,7.1,W,15000
Hermitage Homes,Access 22 HPS,Right,NW,7.2,B,5000
Hermitage Homes,Access 22 IL,Left,N,7.3,B,5000
Hermitage Homes,Access 22 IL,Left,NE,7.1,W,15000
Hermitage Homes,Access 22 IL,Left,E,7,W,15000
Hermitage Homes,Access 22 IL,Left,SE,7.1,W,15000
Hermitage Homes,Access 22 IL,Left,S,7.3,B,5000
Hermitage Homes,Access 22 IL,Left,SW,7.2,W,15000
Hermitage Homes,Access 22 IL,Left,W,7.1,W,15000
Hermitage Homes,Access 22 IL,Left,NW,7.2,W,15000
Hermitage Homes,Access 22 IL,Right,N,7.3,B,5000
Hermitage Homes,Access 22 IL,Right,NE,7.1,W,15000
Hermitage Homes,Access 22 IL,Right,E,7,W,15000
Hermitage Homes,Access 22 IL,Right,SE,7.1,W,15000
Hermitage Homes,Access 22 IL,Right,S,7.3,B,5000
Hermitage Homes,Access 22 IL,Right,SW,7.2,W,15000
Hermitage Homes,Access 22 IL,Right,W,7.1,W,15000
Hermitage Homes,Access 22 IL,Right,NW,7.2,B,5000
Hermitage Homes,Access 23 HPS,Left,N,7.4,B,5000
Hermitage Homes,Access 23 HPS,Left,NE,7.2,B,5000
Hermitage Homes,Access 23 HPS,Left,E,7.1,W,15000
Hermitage Homes,Access 23 HPS,Left,SE,7.1,W,15000
Hermitage Homes,Access 23 HPS,Left,S,7.2,W,15000
Hermitage Homes,Access 23 HPS,Left,SW,7,W,15000
Hermitage Homes,Access 23 HPS,Left,W,7,W,15000
Hermitage Homes,Access 23 HPS,Left,NW,7.2,B,5000
Hermitage Homes,Access 23 HPS,Right,N,7.2,B,5000
Hermitage Homes,Access 23 HPS,Right,NE,7,W,15000
Hermitage Homes,Access 23 HPS,Right,E,7.1,W,15000
Hermitage Homes,Access 23 HPS,Right,SE,7.2,B,5000
Hermitage Homes,Access 23 HPS,Right,S,7.3,B,5000
Hermitage Homes,Access 23 HPS,Right,SW,7.1,W,15000
Hermitage Homes,Access 23 HPS,Right,W,7.1,W,15000
Hermitage Homes,Access 23 HPS,Right,NW,7.1,W,15000
Hermitage Homes,Access 23 IL,Left,N,7.4,B,5000
Hermitage Homes,Access 23 IL,Left,NE,7.2,B,5000
Hermitage Homes,Access 23 IL,Left,E,7.1,W,15000
Hermitage Homes,Access 23 IL,Left,SE,7.1,W,15000
Hermitage Homes,Access 23 IL,Left,S,7.2,W,15000
Hermitage Homes,Access 23 IL,Left,SW,7,W,15000
Hermitage Homes,Access 23 IL,Left,W,7,W,15000
Hermitage Homes,Access 23 IL,Left,NW,7.2,B,5000
Hermitage Homes,Access 23 IL,Right,N,7.2,B,5000
Hermitage Homes,Access 23 IL,Right,NE,7,W,15000
Hermitage Homes,Access 23 IL,Right,E,7.1,W,15000
Hermitage Homes,Access 23 IL,Right,SE,7.2,B,5000
Hermitage Homes,Access 23 IL,Right,S,7.3,B,5000
Hermitage Homes,Access 23 IL,Right,SW,7.1,W,15000
Hermitage Homes,Access 23 IL,Right,W,7.1,W,15000
Hermitage Homes,Access 23 IL,Right,NW,7.1,W,15000
Hermitage Homes,Access 24 HPS,Left,N,7.4,B,5000
Hermitage Homes,Access 24 HPS,Left,NE,7.2,B,5000
Hermitage Homes,Access 24 HPS,Left,E,7.1,W,15000
Hermitage Homes,Access 24 HPS,Left,SE,7.1,W,15000
Hermitage Homes,Access 24 HPS,Left,S,7.2,W,15000
Hermitage Homes,Access 24 HPS,Left,SW,7,W,15000
Hermitage Homes,Access 24 HPS,Left,W,7,W,15000
Hermitage Homes,Access 24 HPS,Left,NW,7.2,B,5000
Hermitage Homes,Access 24 HPS,Right,N,7.2,B,5000
Hermitage Homes,Access 24 HPS,Right,NE,7,W,15000
Hermitage Homes,Access 24 HPS,Right,E,7.1,W,15000
Hermitage Homes,Access 24 HPS,Right,SE,7.2,B,5000
Hermitage Homes,Access 24 HPS,Right,S,7.3,B,5000
Hermitage Homes,Access 24 HPS,Right,SW,7.1,W,15000
Hermitage Homes,Access 24 HPS,Right,W,7.1,W,15000
Hermitage Homes,Access 24 HPS,Right,NW,7.1,W,15000
Hermitage Homes,Access 24 IL,Left,N,7.4,B,5000
Hermitage Homes,Access 24 IL,Left,NE,7.2,B,5000
Hermitage Homes,Access 24 IL,Left,E,7.1,W,15000
Hermitage Homes,Access 24 IL,Left,SE,7.1,W,15000
Hermitage Homes,Access 24 IL,Left,S,7.2,W,15000
Hermitage Homes,Access 24 IL,Left,SW,7,W,15000
Hermitage Homes,Access 24 IL,Left,W,7,W,15000
Hermitage Homes,Access 24 IL,Left,NW,7.2,B,5000
Hermitage Homes,Access 24 IL,Right,N,7.2,B,5000
Hermitage Homes,Access 24 IL,Right,NE,7,W,15000
Hermitage Homes,Access 24 IL,Right,E,7.1,W,15000
Hermitage Homes,Access 24 IL,Right,SE,7.2,B,5000
Hermitage Homes,Access 24 IL,Right,S,7.3,B,5000
Hermitage Homes,Access 24 IL,Right,SW,7.1,W,15000
Hermitage Homes,Access 24 IL,Right,W,7.1,W,15000
Hermitage Homes,Access 24 IL,Right,NW,7.1,W,15000
Hermitage Homes,Access 30 HPS,Left,N,7.4,B,5000
Hermitage Homes,Access 30 HPS,Left,NE,7.2,B,5000
Hermitage Homes,Access 30 HPS,Left,E,7.1,W,15000
Hermitage Homes,Access 30 HPS,Left,SE,7.1,W,15000
Hermitage Homes,Access 30 HPS,Left,S,7.2,W,15000
Hermitage Homes,Access 30 HPS,Left,SW,7,W,15000
Hermitage Homes,Access 30 HPS,Left,W,7,W,15000
Hermitage Homes,Access 30 HPS,Left,NW,7.2,B,5000
Hermitage Homes,Access 30 HPS,Right,N,7.2,B,5000
Hermitage Homes,Access 30 HPS,Right,NE,7,W,15000
Hermitage Homes,Access 30 HPS,Right,E,7.1,W,15000
Hermitage Homes,Access 30 HPS,Right,SE,7.2,B,5000
Hermitage Homes,Access 30 HPS,Right,S,7.3,B,5000
Hermitage Homes,Access 30 HPS,Right,SW,7.1,W,15000
Hermitage Homes,Access 30 HPS,Right,W,7.1,W,15000
Hermitage Homes,Access 30 HPS,Right,NW,7.1,W,15000
Hermitage Homes,Access 30 IL,Left,N,7.4,B,5000
Hermitage Homes,Access 30 IL,Left,NE,7.2,B,5000
Hermitage Homes,Access 30 IL,Left,E,7.1,W,15000
Hermitage Homes,Access 30 IL,Left,SE,7.1,W,15000
Hermitage Homes,Access 30 IL,Left,S,7.2,W,15000
Hermitage Homes,Access 30 IL,Left,SW,7,W,15000
Hermitage Homes,Access 30 IL,Left,W,7,W,15000
Hermitage Homes,Access 30 IL,Left,NW,7.2,B,5000
Hermitage Homes,Access 30 IL,Right,N,7.2,B,5000
Hermitage Homes,Access 30 IL,Right,NE,7,W,15000
Hermitage Homes,Access 30 IL,Right,E,7.1,W,15000
Hermitage Homes,Access 30 IL,Right,SE,7.2,B,5000
Hermitage Homes,Access 30 IL,Right,S,7.3,B,5000
Hermitage Homes,Access 30 IL,Right,SW,7.1,W,15000
Hermitage Homes,Access 30 IL,Right,W,7.1,W,15000
Hermitage Homes,Access 30 IL,Right,NW,7.1,W,15000
Hermitage Homes,Baker 14,Left,N,0,,0
Hermitage Homes,Baker 14,Left,NE,0,,0
Hermitage Homes,Baker 14,Left,E,0,,0
Hermitage Homes,Baker 14,Left,SE,0,,0
Hermitage Homes,Baker 14,Left,S,0,,0
Hermitage Homes,Baker 14,Left,SW,0,,0
Hermitage Homes,Baker 14,Left,W,0,,0
Hermitage Homes,Baker 14,Left,NW,0,,0
Hermitage Homes,Baker 14,Right,N,0,,0
Hermitage Homes,Baker 14,Right,NE,0,,0
Hermitage Homes,Baker 14,Right,E,0,,0
Hermitage Homes,Baker 14,Right,SE,0,,0
Hermitage Homes,Baker 14,Right,S,0,,0
Hermitage Homes,Baker 14,Right,SW,0,,0
Hermitage Homes,Baker 14,Right,W,0,,0
Hermitage Homes,Baker 14,Right,NW,0,,0
Hermitage Homes,Banks 12,Left,N,0,,0
Hermitage Homes,Banks 12,Left,NE,0,,0
Hermitage Homes,Banks 12,Left,E,0,,0
Hermitage Homes,Banks 12,Left,SE,0,,0
Hermitage Homes,Banks 12,Left,S,0,,0
Hermitage Homes,Banks 12,Left,SW,0,,0
Hermitage Homes,Banks 12,Left,W,0,,0
Hermitage Homes,Banks 12,Left,NW,0,,0
Hermitage Homes,Banks 12,Right,N,0,,0
Hermitage Homes,Banks 12,Right,NE,0,,0
Hermitage Homes,Banks 12,Right,E,0,,0
Hermitage Homes,Banks 12,Right,SE,0,,0
Hermitage Homes,Banks 12,Right,S,0,,0
Hermitage Homes,Banks 12,Right,SW,0,,0
Hermitage Homes,Banks 12,Right,W,0,,0
Hermitage Homes,Banks 12,Right,NW,0,,0
Hermitage Homes,Bass 23,Left,N,7.1,W,15000
Hermitage Homes,Bass 23,Left,NE,7,W,15000
Hermitage Homes,Bass 23,Left,E,7.1,W,15000
Hermitage Homes,Bass 23,Left,SE,7.1,W,15000
Hermitage Homes,Bass 23,Left,S,7.4,B,5000
Hermitage Homes,Bass 23,Left,SW,7.3,B,5000
Hermitage Homes,Bass 23,Left,W,7.2,B,5000
Hermitage Homes,Bass 23,Left,NW,7.1,W,15000
Hermitage Homes,Bass 23,Right,N,7.3,B,5000
Hermitage Homes,Bass 23,Right,NE,7.1,W,15000
Hermitage Homes,Bass 23,Right,E,7.1,W,15000
Hermitage Homes,Bass 23,Right,SE,7.1,W,15000
Hermitage Homes,Bass 23,Right,S,7.3,B,5000
Hermitage Homes,Bass 23,Right,SW,7.3,B,5000
Hermitage Homes,Bass 23,Right,W,7.4,B,5000
Hermitage Homes,Bass 23,Right,NW,7.3,B,5000
Hermitage Homes,Burton 36,Left,N,7,W,15000
Hermitage Homes,Burton 36,Left,NE,7,W,15000
Hermitage Homes,Burton 36,Left,E,7.1,W,15000
Hermitage Homes,Burton 36,Left,SE,7,W,15000
Hermitage Homes,Burton 36,Left,S,7.1,W,15000
Hermitage Homes,Burton 36,Left,SW,7.2,B,8000
Hermitage Homes,Burton 36,Left,W,7.3,B,8000
Hermitage Homes,Burton 36,Left,NW,7,W,15000
Hermitage Homes,Burton 36,Right,N,7,W,15000
Hermitage Homes,Burton 36,Right,NE,7,W,15000
Hermitage Homes,Burton 36,Right,E,7.1,W,15000
Hermitage Homes,Burton 36,Right,SE,7.1,W,15000
Hermitage Homes,Burton 36,Right,S,7.1,W,15000
Hermitage Homes,Burton 36,Right,SW,7.1,W,15000
Hermitage Homes,Burton 36,Right,W,7.3,B,8000
Hermitage Homes,Burton 36,Right,NW,7,W,15000
Hermitage Homes,Burton 40,Left,N,7,W,15000
Hermitage Homes,Burton 40,Left,NE,7,W,15000
Hermitage Homes,Burton 40,Left,E,7.1,W,15000
Hermitage Homes,Burton 40,Left,SE,7,W,15000
Hermitage Homes,Burton 40,Left,S,7.1,W,15000
Hermitage Homes,Burton 40,Left,SW,7.2,B,8000
Hermitage Homes,Burton 40,Left,W,7.3,B,8000
Hermitage Homes,Burton 40,Left,NW,7,W,15000
Hermitage Homes,Burton 40,Right,N,7,W,15000
Hermitage Homes,Burton 40,Right,NE,7,W,15000
Hermitage Homes,Burton 40,Right,E,7.1,W,15000
Hermitage Homes,Burton 40,Right,SE,7.1,W,15000
Hermitage Homes,Burton 40,Right,S,7.1,W,15000
Hermitage Homes,Burton 40,Right,SW,7.1,W,15000
Hermitage Homes,Burton 40,Right,W,7.3,B,8000
Hermitage Homes,Burton 40,Right,NW,7,W,15000
Hermitage Homes,Cabot 13,Left,N,7.2,W,15000
Hermitage Homes,Cabot 13,Left,NE,7.1,W,15000
Hermitage Homes,Cabot 13,Left,E,7.1,W,15000
Hermitage Homes,Cabot 13,Left,SE,7.1,W,15000
Hermitage Homes,Cabot 13,Left,S,7.4,W,15000
Hermitage Homes,Cabot 13,Left,SW,7.9,B,5000
Hermitage Homes,Cabot 13,Left,W,8,B,5000
Hermitage Homes,Cabot 13,Left,NW,7.6,B,5000
Hermitage Homes,Cabot 13,Right,N,7.3,W,15000
Hermitage Homes,Cabot 13,Right,NE,7.1,W,15000
Hermitage Homes,Cabot 13,Right,E,7.1,W,15000
Hermitage Homes,Cabot 13,Right,SE,7,W,15000
Hermitage Homes,Cabot 13,Right,S,7.3,W,15000
Hermitage Homes,Cabot 13,Right,SW,7.8,B,5000
Hermitage Homes,Cabot 13,Right,W,8,B,5000
Hermitage Homes,Cabot 13,Right,NW,7.7,B,5000
Hermitage Homes,Cabot 15  (Cabot 13 with double Garage),Left,N,7.2,W,15000
Hermitage Homes,Cabot 15  (Cabot 13 with double Garage),Left,NE,7.1,W,15000
Hermitage Homes,Cabot 15  (Cabot 13 with double Garage),Left,E,7.1,W,15000
Hermitage Homes,Cabot 15  (Cabot 13 with double Garage),Left,SE,7.1,W,15000
Hermitage Homes,Cabot 15  (Cabot 13 with double Garage),Left,S,7.4,W,15000
Hermitage Homes,Cabot 15  (Cabot 13 with double Garage),Left,SW,7.9,B,5000
Hermitage Homes,Cabot 15  (Cabot 13 with double Garage),Left,W,8,B,5000
Hermitage Homes,Cabot 15  (Cabot 13 with double Garage),Left,NW,7.6,B,5000
Hermitage Homes,Cabot 15  (Cabot 13 with double Garage),Right,N,7.3,W,15000
Hermitage Homes,Cabot 15  (Cabot 13 with double Garage),Right,NE,7.1,W,15000
Hermitage Homes,Cabot 15  (Cabot 13 with double Garage),Right,E,7.1,W,15000
Hermitage Homes,Cabot 15  (Cabot 13 with double Garage),Right,SE,7,W,15000
Hermitage Homes,Cabot 15  (Cabot 13 with double Garage),Right,S,7.3,W,15000
Hermitage Homes,Cabot 15  (Cabot 13 with double Garage),Right,SW,7.8,B,5000
Hermitage Homes,Cabot 15  (Cabot 13 with double Garage),Right,W,8,B,5000
Hermitage Homes,Cabot 15  (Cabot 13 with double Garage),Right,NW,7.7,B,5000
Hermitage Homes,Cambridge 28,Left,N,7,W,15000
Hermitage Homes,Cambridge 28,Left,NE,7,W,15000
Hermitage Homes,Cambridge 28,Left,E,7.1,W,15000
Hermitage Homes,Cambridge 28,Left,SE,7,W,15000
Hermitage Homes,Cambridge 28,Left,S,7.1,W,15000
Hermitage Homes,Cambridge 28,Left,SW,7.2,B,8000
Hermitage Homes,Cambridge 28,Left,W,7.3,B,8000
Hermitage Homes,Cambridge 28,Left,NW,7,W,15000
Hermitage Homes,Cambridge 28,Right,N,7,W,15000
Hermitage Homes,Cambridge 28,Right,NE,7,W,15000
Hermitage Homes,Cambridge 28,Right,E,7.1,W,15000
Hermitage Homes,Cambridge 28,Right,SE,7.1,W,15000
Hermitage Homes,Cambridge 28,Right,S,7.1,W,15000
Hermitage Homes,Cambridge 28,Right,SW,7.1,W,15000
Hermitage Homes,Cambridge 28,Right,W,7.3,B,8000
Hermitage Homes,Cambridge 28,Right,NW,7,W,15000
Hermitage Homes,Cambridge 31,Left,N,7.3,B,8000
Hermitage Homes,Cambridge 31,Left,NE,7.2,B,8000
Hermitage Homes,Cambridge 31,Left,E,7.2,B,8000
Hermitage Homes,Cambridge 31,Left,SE,7.2,W,15000
Hermitage Homes,Cambridge 31,Left,S,7.2,W,15000
Hermitage Homes,Cambridge 31,Left,SW,7.1,W,15000
Hermitage Homes,Cambridge 31,Left,W,7.1,W,15000
Hermitage Homes,Cambridge 31,Left,NW,7.1,W,15000
Hermitage Homes,Cambridge 31,Right,N,7.2,W,15000
Hermitage Homes,Cambridge 31,Right,NE,7.2,W,15000
Hermitage Homes,Cambridge 31,Right,E,7.3,B,8000
Hermitage Homes,Cambridge 31,Right,SE,7.2,B,8000
Hermitage Homes,Cambridge 31,Right,S,7.3,B,8000
Hermitage Homes,Cambridge 31,Right,SW,7,W,15000
Hermitage Homes,Cambridge 31,Right,W,7,W,15000
Hermitage Homes,Cambridge 31,Right,NW,7,W,15000
Hermitage Homes,Cartier 15 GE,Left,N,7.1,W,15000
Hermitage Homes,Cartier 15 GE,Left,NE,7,W,15000
Hermitage Homes,Cartier 15 GE,Left,E,7.1,W,15000
Hermitage Homes,Cartier 15 GE,Left,SE,7.1,W,15000
Hermitage Homes,Cartier 15 GE,Left,S,7.2,W,15000
Hermitage Homes,Cartier 15 GE,Left,SW,7.7,B,5000
Hermitage Homes,Cartier 15 GE,Left,W,7.8,B,5000
Hermitage Homes,Cartier 15 GE,Left,NW,7.5,B,5000
Hermitage Homes,Cartier 15 GE,Right,N,7.1,W,15000
Hermitage Homes,Cartier 15 GE,Right,NE,7.2,W,15000
Hermitage Homes,Cartier 15 GE,Right,E,7.1,W,15000
Hermitage Homes,Cartier 15 GE,Right,SE,7.1,W,15000
Hermitage Homes,Cartier 15 GE,Right,S,7.1,W,15000
Hermitage Homes,Cartier 15 GE,Right,SW,7.6,B,5000
Hermitage Homes,Cartier 15 GE,Right,W,7.8,B,5000
Hermitage Homes,Cartier 15 GE,Right,NW,7.6,B,5000
Hermitage Homes,Catalina 22,Left,N,7.1,W,15000
Hermitage Homes,Catalina 22,Left,NE,7.3,B,5000
Hermitage Homes,Catalina 22,Left,E,7.4,B,5000
Hermitage Homes,Catalina 22,Left,SE,7.1,W,15000
Hermitage Homes,Catalina 22,Left,S,7,W,15000
Hermitage Homes,Catalina 22,Left,SW,7.2,W,15000
Hermitage Homes,Catalina 22,Left,W,7.4,B,5000
Hermitage Homes,Catalina 22,Left,NW,7.2,W,15000
Hermitage Homes,Catalina 22,Right,N,7,W,15000
Hermitage Homes,Catalina 22,Right,NE,7.3,B,5000
Hermitage Homes,Catalina 22,Right,E,7.4,B,5000
Hermitage Homes,Catalina 22,Right,SE,7.2,W,15000
Hermitage Homes,Catalina 22,Right,S,7.1,W,15000
Hermitage Homes,Catalina 22,Right,SW,7.2,W,15000
Hermitage Homes,Catalina 22,Right,W,7.4,B,5000
Hermitage Homes,Catalina 22,Right,NW,7.1,W,15000
Hermitage Homes,Catalina 22 GE,Left,N,7.1,W,15000
Hermitage Homes,Catalina 22 GE,Left,NE,7.3,B,5000
Hermitage Homes,Catalina 22 GE,Left,E,7.4,B,5000
Hermitage Homes,Catalina 22 GE,Left,SE,7.1,W,15000
Hermitage Homes,Catalina 22 GE,Left,S,7,W,15000
Hermitage Homes,Catalina 22 GE,Left,SW,7.2,W,15000
Hermitage Homes,Catalina 22 GE,Left,W,7.4,B,5000
Hermitage Homes,Catalina 22 GE,Left,NW,7.2,W,15000
Hermitage Homes,Catalina 22 GE,Right,N,7,W,15000
Hermitage Homes,Catalina 22 GE,Right,NE,7.3,B,5000
Hermitage Homes,Catalina 22 GE,Right,E,7.4,B,5000
Hermitage Homes,Catalina 22 GE,Right,SE,7.2,W,15000
Hermitage Homes,Catalina 22 GE,Right,S,7.1,W,15000
Hermitage Homes,Catalina 22 GE,Right,SW,7.2,W,15000
Hermitage Homes,Catalina 22 GE,Right,W,7.4,B,5000
Hermitage Homes,Catalina 22 GE,Right,NW,7.1,W,15000
Hermitage Homes,Chelsea 16,Left,N,7,W,15000
Hermitage Homes,Chelsea 16,Left,NE,6.9,W,15000
Hermitage Homes,Chelsea 16,Left,E,7,W,15000
Hermitage Homes,Chelsea 16,Left,SE,7.1,W,15000
Hermitage Homes,Chelsea 16,Left,S,7.4,B,5000
Hermitage Homes,Chelsea 16,Left,SW,7.6,B,5000
Hermitage Homes,Chelsea 16,Left,W,7.7,B,5000
Hermitage Homes,Chelsea 16,Left,NW,7.3,W,15000
Hermitage Homes,Chelsea 16,Right,N,7.4,B,5000
Hermitage Homes,Chelsea 16,Right,NE,7.1,W,15000
Hermitage Homes,Chelsea 16,Right,E,7,W,15000
Hermitage Homes,Chelsea 16,Right,SE,6.9,W,15000
Hermitage Homes,Chelsea 16,Right,S,7.1,W,15000
Hermitage Homes,Chelsea 16,Right,SW,7.4,B,5000
Hermitage Homes,Chelsea 16,Right,W,7.8,B,5000
Hermitage Homes,Chelsea 16,Right,NW,7.5,B,5000
Hermitage Homes,Chelsea 18 (Chelsea 16 with double Garage),Left,N,7.4,B,5000
Hermitage Homes,Chelsea 18 (Chelsea 16 with double Garage),Left,NE,7.1,W,15000
Hermitage Homes,Chelsea 18 (Chelsea 16 with double Garage),Left,E,7,W,15000
Hermitage Homes,Chelsea 18 (Chelsea 16 with double Garage),Left,SE,6.9,W,15000
Hermitage Homes,Chelsea 18 (Chelsea 16 with double Garage),Left,S,7.1,W,15000
Hermitage Homes,Chelsea 18 (Chelsea 16 with double Garage),Left,SW,7.4,B,5000
Hermitage Homes,Chelsea 18 (Chelsea 16 with double Garage),Left,W,7.8,B,5000
Hermitage Homes,Chelsea 18 (Chelsea 16 with double Garage),Left,NW,7.5,B,5000
Hermitage Homes,Chelsea 18 (Chelsea 16 with double Garage),Right,N,6.9,W,15000
Hermitage Homes,Chelsea 18 (Chelsea 16 with double Garage),Right,NE,6.9,W,15000
Hermitage Homes,Chelsea 18 (Chelsea 16 with double Garage),Right,E,7.1,W,15000
Hermitage Homes,Chelsea 18 (Chelsea 16 with double Garage),Right,SE,7.1,W,15000
Hermitage Homes,Chelsea 18 (Chelsea 16 with double Garage),Right,S,7.4,B,5000
Hermitage Homes,Chelsea 18 (Chelsea 16 with double Garage),Right,SW,7.6,B,5000
Hermitage Homes,Chelsea 18 (Chelsea 16 with double Garage),Right,W,7.7,B,5000
Hermitage Homes,Chelsea 18 (Chelsea 16 with double Garage),Right,NW,7.2,W,15000
Hermitage Homes,Cook 20,Left,N,7.3,W,15000
Hermitage Homes,Cook 20,Left,NE,7.1,W,15000
Hermitage Homes,Cook 20,Left,E,7.1,W,15000
Hermitage Homes,Cook 20,Left,SE,7.1,W,15000
Hermitage Homes,Cook 20,Left,S,7.4,B,5000
Hermitage Homes,Cook 20,Left,SW,7.4,B,5000
Hermitage Homes,Cook 20,Left,W,7.6,B,5000
Hermitage Homes,Cook 20,Left,NW,7.3,W,15000
Hermitage Homes,Cook 20,Right,N,7.2,W,15000
Hermitage Homes,Cook 20,Right,NE,7.1,W,15000
Hermitage Homes,Cook 20,Right,E,7.1,W,15000
Hermitage Homes,Cook 20,Right,SE,7.2,W,15000
Hermitage Homes,Cook 20,Right,S,7.4,B,5000
Hermitage Homes,Cook 20,Right,SW,7.4,B,5000
Hermitage Homes,Cook 20,Right,W,7.5,B,5000
Hermitage Homes,Cook 20,Right,NW,7.3,W,15000
Hermitage Homes,Cortez 23,Left,N,7.3,B,5000
Hermitage Homes,Cortez 23,Left,NE,7.1,W,15000
Hermitage Homes,Cortez 23,Left,E,7,W,15000
Hermitage Homes,Cortez 23,Left,SE,7.1,W,15000
Hermitage Homes,Cortez 23,Left,S,7.2,B,5000
Hermitage Homes,Cortez 23,Left,SW,7.2,B,5000
Hermitage Homes,Cortez 23,Left,W,7.1,W,15000
Hermitage Homes,Cortez 23,Left,NW,7.1,W,15000
Hermitage Homes,Cortez 23,Right,N,7.2,B,5000
Hermitage Homes,Cortez 23,Right,NE,7.1,W,15000
Hermitage Homes,Cortez 23,Right,E,7,W,15000
Hermitage Homes,Cortez 23,Right,SE,7.1,W,15000
Hermitage Homes,Cortez 23,Right,S,7.3,B,5000
Hermitage Homes,Cortez 23,Right,SW,7.1,W,15000
Hermitage Homes,Cortez 23,Right,W,7.1,W,15000
Hermitage Homes,Cortez 23,Right,NW,7.2,B,5000
Hermitage Homes,Drake 19,Left,N,7.1,W,15000
Hermitage Homes,Drake 19,Left,NE,7,W,15000
Hermitage Homes,Drake 19,Left,E,7.1,W,15000
Hermitage Homes,Drake 19,Left,SE,7,W,15000
Hermitage Homes,Drake 19,Left,S,7.2,B,5000
Hermitage Homes,Drake 19,Left,SW,7.2,B,5000
Hermitage Homes,Drake 19,Left,W,7.3,B,5000
Hermitage Homes,Drake 19,Left,NW,7.1,W,15000
Hermitage Homes,Drake 19,Right,N,7,W,15000
Hermitage Homes,Drake 19,Right,NE,6.9,W,15000
Hermitage Homes,Drake 19,Right,E,7.1,W,15000
Hermitage Homes,Drake 19,Right,SE,7.1,W,15000
Hermitage Homes,Drake 19,Right,S,7.3,B,5000
Hermitage Homes,Drake 19,Right,SW,7.2,B,5000
Hermitage Homes,Drake 19,Right,W,7.3,B,5000
Hermitage Homes,Drake 19,Right,NW,7,W,15000
Hermitage Homes,Drake 19 GE,Left,N,7.1,W,15000
Hermitage Homes,Drake 19 GE,Left,NE,7,W,15000
Hermitage Homes,Drake 19 GE,Left,E,7.1,W,15000
Hermitage Homes,Drake 19 GE,Left,SE,7,W,15000
Hermitage Homes,Drake 19 GE,Left,S,7.2,B,5000
Hermitage Homes,Drake 19 GE,Left,SW,7.2,B,5000
Hermitage Homes,Drake 19 GE,Left,W,7.3,B,5000
Hermitage Homes,Drake 19 GE,Left,NW,7.1,W,15000
Hermitage Homes,Drake 19 GE,Right,N,7,W,15000
Hermitage Homes,Drake 19 GE,Right,NE,6.9,W,15000
Hermitage Homes,Drake 19 GE,Right,E,7.1,W,15000
Hermitage Homes,Drake 19 GE,Right,SE,7.1,W,15000
Hermitage Homes,Drake 19 GE,Right,S,7.3,B,5000
Hermitage Homes,Drake 19 GE,Right,SW,7.2,B,5000
Hermitage Homes,Drake 19 GE,Right,W,7.3,B,5000
Hermitage Homes,Drake 19 GE,Right,NW,7,W,15000
Hermitage Homes,Elwood 20,Left,N,7.4,B,5000
Hermitage Homes,Elwood 20,Left,NE,7.2,B,5000
Hermitage Homes,Elwood 20,Left,E,7.1,W,15000
Hermitage Homes,Elwood 20,Left,SE,6.9,W,15000
Hermitage Homes,Elwood 20,Left,S,7,W,15000
Hermitage Homes,Elwood 20,Left,SW,7,W,15000
Hermitage Homes,Elwood 20,Left,W,7.1,W,15000
Hermitage Homes,Elwood 20,Left,NW,7.3,B,5000
Hermitage Homes,Elwood 20,Right,N,7,W,15000
Hermitage Homes,Elwood 20,Right,NE,6.9,W,15000
Hermitage Homes,Elwood 20,Right,E,7.1,W,15000
Hermitage Homes,Elwood 20,Right,SE,7.2,B,5000
Hermitage Homes,Elwood 20,Right,S,7.4,B,5000
Hermitage Homes,Elwood 20,Right,SW,7.3,B,5000
Hermitage Homes,Elwood 20,Right,W,7.1,W,15000
Hermitage Homes,Elwood 20,Right,NW,7,W,15000
Hermitage Homes,Elwood 20L,Left,N,7.4,B,5000
Hermitage Homes,Elwood 20L,Left,NE,7.2,W,15000
Hermitage Homes,Elwood 20L,Left,E,7.1,W,15000
Hermitage Homes,Elwood 20L,Left,SE,7,W,15000
Hermitage Homes,Elwood 20L,Left,S,7.1,W,15000
Hermitage Homes,Elwood 20L,Left,SW,7.1,W,15000
Hermitage Homes,Elwood 20L,Left,W,7.2,W,15000
Hermitage Homes,Elwood 20L,Left,NW,7.3,B,5000
Hermitage Homes,Elwood 20L,Right,N,7.4,B,5000
Hermitage Homes,Elwood 20L,Right,NE,7.2,W,15000
Hermitage Homes,Elwood 20L,Right,E,7.1,W,15000
Hermitage Homes,Elwood 20L,Right,SE,7,W,15000
Hermitage Homes,Elwood 20L,Right,S,7.1,W,15000
Hermitage Homes,Elwood 20L,Right,SW,7.1,W,15000
Hermitage Homes,Elwood 20L,Right,W,7.2,B,5000
Hermitage Homes,Elwood 20L,Right,NW,7.3,B,5000
Hermitage Homes,Evans 20,Left,N,0,,0
Hermitage Homes,Evans 20,Left,NE,0,,0
Hermitage Homes,Evans 20,Left,E,0,,0
Hermitage Homes,Evans 20,Left,SE,0,,0
Hermitage Homes,Evans 20,Left,S,0,,0
Hermitage Homes,Evans 20,Left,SW,0,,0
Hermitage Homes,Evans 20,Left,W,0,,0
Hermitage Homes,Evans 20,Left,NW,0,,0
Hermitage Homes,Evans 20,Right,N,0,,0
Hermitage Homes,Evans 20,Right,NE,0,,0
Hermitage Homes,Evans 20,Right,E,0,,0
Hermitage Homes,Evans 20,Right,SE,0,,0
Hermitage Homes,Evans 20,Right,S,0,,0
Hermitage Homes,Evans 20,Right,SW,0,,0
Hermitage Homes,Evans 20,Right,W,0,,0
Hermitage Homes,Evans 20,Right,NW,0,,0
Hermitage Homes,Flinders 19,Left,N,7.3,W,15000
Hermitage Homes,Flinders 19,Left,NE,7,W,15000
Hermitage Homes,Flinders 19,Left,E,7,W,15000
Hermitage Homes,Flinders 19,Left,SE,7.2,W,15000
Hermitage Homes,Flinders 19,Left,S,7.4,B,5000
Hermitage Homes,Flinders 19,Left,SW,7.3,B,5000
Hermitage Homes,Flinders 19,Left,W,7.4,B,5000
Hermitage Homes,Flinders 19,Left,NW,7.3,B,5000
Hermitage Homes,Flinders 19,Right,N,7.3,B,5000
Hermitage Homes,Flinders 19,Right,NE,7.1,W,15000
Hermitage Homes,Flinders 19,Right,E,6.9,W,15000
Hermitage Homes,Flinders 19,Right,SE,7,W,15000
Hermitage Homes,Flinders 19,Right,S,7.3,W,15000
Hermitage Homes,Flinders 19,Right,SW,7.3,B,5000
Hermitage Homes,Flinders 19,Right,W,7.4,B,5000
Hermitage Homes,Flinders 19,Right,NW,7.3,B,5000
Hermitage Homes,Gama 17,Left,N,7.4,B,5000
Hermitage Homes,Gama 17,Left,NE,7.2,W,15000
Hermitage Homes,Gama 17,Left,E,7.1,W,15000
Hermitage Homes,Gama 17,Left,SE,7,W,15000
Hermitage Homes,Gama 17,Left,S,7,W,15000
Hermitage Homes,Gama 17,Left,SW,7.1,W,15000
Hermitage Homes,Gama 17,Left,W,7.3,B,5000
Hermitage Homes,Gama 17,Left,NW,7.3,B,5000
Hermitage Homes,Gama 17,Right,N,7,W,15000
Hermitage Homes,Gama 17,Right,NE,7.1,W,15000
Hermitage Homes,Gama 17,Right,E,7.2,W,15000
Hermitage Homes,Gama 17,Right,SE,7.2,W,15000
Hermitage Homes,Gama 17,Right,S,7.3,B,5000
Hermitage Homes,Gama 17,Right,SW,7.3,B,5000
Hermitage Homes,Gama 17,Right,W,7.3,B,5000
Hermitage Homes,Gama 17,Right,NW,7.1,W,15000
Hermitage Homes,Gibson 13,Left,N,0,,0
Hermitage Homes,Gibson 13,Left,NE,0,,0
Hermitage Homes,Gibson 13,Left,E,0,,0
Hermitage Homes,Gibson 13,Left,SE,0,,0
Hermitage Homes,Gibson 13,Left,S,0,,0
Hermitage Homes,Gibson 13,Left,SW,0,,0
Hermitage Homes,Gibson 13,Left,W,0,,0
Hermitage Homes,Gibson 13,Left,NW,0,,0
Hermitage Homes,Gibson 13,Right,N,0,,0
Hermitage Homes,Gibson 13,Right,NE,0,,0
Hermitage Homes,Gibson 13,Right,E,0,,0
Hermitage Homes,Gibson 13,Right,SE,0,,0
Hermitage Homes,Gibson 13,Right,S,0,,0
Hermitage Homes,Gibson 13,Right,SW,0,,0
Hermitage Homes,Gibson 13,Right,W,0,,0
Hermitage Homes,Gibson 13,Right,NW,0,,0
Hermitage Homes,Heath 21,Left,N,7.3,B,5000
Hermitage Homes,Heath 21,Left,NE,7.2,W,15000
Hermitage Homes,Heath 21,Left,E,7.1,W,15000
Hermitage Homes,Heath 21,Left,SE,7,W,15000
Hermitage Homes,Heath 21,Left,S,7.1,W,15000
Hermitage Homes,Heath 21,Left,SW,7.2,W,15000
Hermitage Homes,Heath 21,Left,W,7.2,W,15000
Hermitage Homes,Heath 21,Left,NW,7.3,B,5000
Hermitage Homes,Heath 21,Right,N,7.1,W,15000
Hermitage Homes,Heath 21,Right,NE,7,W,15000
Hermitage Homes,Heath 21,Right,E,7.1,W,15000
Hermitage Homes,Heath 21,Right,SE,7.2,W,15000
Hermitage Homes,Heath 21,Right,S,7.3,B,5000
Hermitage Homes,Heath 21,Right,SW,7.3,B,5000
Hermitage Homes,Heath 21,Right,W,7.2,W,15000
Hermitage Homes,Heath 21,Right,NW,7.1,W,15000
Hermitage Homes,Heath 21 GE,Left,N,7.3,B,5000
Hermitage Homes,Heath 21 GE,Left,NE,7.2,W,15000
Hermitage Homes,Heath 21 GE,Left,E,7.1,W,15000
Hermitage Homes,Heath 21 GE,Left,SE,7,W,15000
Hermitage Homes,Heath 21 GE,Left,S,7.1,W,15000
Hermitage Homes,Heath 21 GE,Left,SW,7.2,W,15000
Hermitage Homes,Heath 21 GE,Left,W,7.2,W,15000
Hermitage Homes,Heath 21 GE,Left,NW,7.3,B,5000
Hermitage Homes,Heath 21 GE,Right,N,7.1,W,15000
Hermitage Homes,Heath 21 GE,Right,NE,7,W,15000
Hermitage Homes,Heath 21 GE,Right,E,7.1,W,15000
Hermitage Homes,Heath 21 GE,Right,SE,7.2,W,15000
Hermitage Homes,Heath 21 GE,Right,S,7.3,B,5000
Hermitage Homes,Heath 21 GE,Right,SW,7.3,B,5000
Hermitage Homes,Heath 21 GE,Right,W,7.2,W,15000
Hermitage Homes,Heath 21 GE,Right,NW,7.1,W,15000
Hermitage Homes,Hudson 28,Left,N,7.4,B,5000
Hermitage Homes,Hudson 28,Left,NE,7.2,W,15000
Hermitage Homes,Hudson 28,Left,E,7.1,W,15000
Hermitage Homes,Hudson 28,Left,SE,7,W,15000
Hermitage Homes,Hudson 28,Left,S,7.1,W,15000
Hermitage Homes,Hudson 28,Left,SW,7.1,W,15000
Hermitage Homes,Hudson 28,Left,W,7.2,W,15000
Hermitage Homes,Hudson 28,Left,NW,7.3,B,5000
Hermitage Homes,Hudson 28,Right,N,7,W,15000
Hermitage Homes,Hudson 28,Right,NE,7,W,15000
Hermitage Homes,Hudson 28,Right,E,7.2,W,15000
Hermitage Homes,Hudson 28,Right,SE,7.3,B,5000
Hermitage Homes,Hudson 28,Right,S,7.4,B,5000
Hermitage Homes,Hudson 28,Right,SW,7.3,B,5000
Hermitage Homes,Hudson 28,Right,W,7.2,W,15000
Hermitage Homes,Hudson 28,Right,NW,7,W,15000
Hermitage Homes,Hume 15,Left,N,0,,0
Hermitage Homes,Hume 15,Left,NE,0,,0
Hermitage Homes,Hume 15,Left,E,0,,0
Hermitage Homes,Hume 15,Left,SE,0,,0
Hermitage Homes,Hume 15,Left,S,0,,0
Hermitage Homes,Hume 15,Left,SW,0,,0
Hermitage Homes,Hume 15,Left,W,0,,0
Hermitage Homes,Hume 15,Left,NW,0,,0
Hermitage Homes,Hume 15,Right,N,0,,0
Hermitage Homes,Hume 15,Right,NE,0,,0
Hermitage Homes,Hume 15,Right,E,0,,0
Hermitage Homes,Hume 15,Right,SE,0,,0
Hermitage Homes,Hume 15,Right,S,0,,0
Hermitage Homes,Hume 15,Right,SW,0,,0
Hermitage Homes,Hume 15,Right,W,0,,0
Hermitage Homes,Hume 15,Right,NW,0,,0
Hermitage Homes,Jackson 18,Left,N,7.3,B,5000
Hermitage Homes,Jackson 18,Left,NE,7,W,15000
Hermitage Homes,Jackson 18,Left,E,6.9,W,15000
Hermitage Homes,Jackson 18,Left,SE,6.9,W,15000
Hermitage Homes,Jackson 18,Left,S,7.2,W,15000
Hermitage Homes,Jackson 18,Left,SW,7.3,B,5000
Hermitage Homes,Jackson 18,Left,W,7.4,B,5000
Hermitage Homes,Jackson 18,Left,NW,7.3,B,5000
Hermitage Homes,Jackson 18,Right,N,7.1,W,15000
Hermitage Homes,Jackson 18,Right,NE,6.9,W,15000
Hermitage Homes,Jackson 18,Right,E,6.9,W,15000
Hermitage Homes,Jackson 18,Right,SE,7.1,W,15000
Hermitage Homes,Jackson 18,Right,S,7.4,B,5000
Hermitage Homes,Jackson 18,Right,SW,7.4,B,5000
Hermitage Homes,Jackson 18,Right,W,7.4,B,5000
Hermitage Homes,Jackson 18,Right,NW,7.2,W,15000
Hermitage Homes,Jackson 18 GE,Left,N,7.2,B,5000
Hermitage Homes,Jackson 18 GE,Left,NE,6.9,W,15000
Hermitage Homes,Jackson 18 GE,Left,E,6.9,W,15000
Hermitage Homes,Jackson 18 GE,Left,SE,6.9,W,15000
Hermitage Homes,Jackson 18 GE,Left,S,7.1,W,15000
Hermitage Homes,Jackson 18 GE,Left,SW,7.2,W,15000
Hermitage Homes,Jackson 18 GE,Left,W,7.4,B,5000
Hermitage Homes,Jackson 18 GE,Left,NW,7.2,B,5000
Hermitage Homes,Jackson 18 GE,Right,N,6.9,W,15000
Hermitage Homes,Jackson 18 GE,Right,NE,6.8,W,15000
Hermitage Homes,Jackson 18 GE,Right,E,6.9,W,15000
Hermitage Homes,Jackson 18 GE,Right,SE,7,W,15000
Hermitage Homes,Jackson 18 GE,Right,S,7.3,B,5000
Hermitage Homes,Jackson 18 GE,Right,SW,7.3,B,5000
Hermitage Homes,Jackson 18 GE,Right,W,7.3,B,5000
Hermitage Homes,Jackson 18 GE,Right,NW,7,W,15000
Hermitage Homes,Jackson 20 (Jackon 18 with double Garage),Left,N,7.3,B,5000
Hermitage Homes,Jackson 20 (Jackon 18 with double Garage),Left,NE,7,W,15000
Hermitage Homes,Jackson 20 (Jackon 18 with double Garage),Left,E,6.9,W,15000
Hermitage Homes,Jackson 20 (Jackon 18 with double Garage),Left,SE,6.9,W,15000
Hermitage Homes,Jackson 20 (Jackon 18 with double Garage),Left,S,7.2,W,15000
Hermitage Homes,Jackson 20 (Jackon 18 with double Garage),Left,SW,7.3,B,5000
Hermitage Homes,Jackson 20 (Jackon 18 with double Garage),Left,W,7.4,B,5000
Hermitage Homes,Jackson 20 (Jackon 18 with double Garage),Left,NW,7.3,B,5000
Hermitage Homes,Jackson 20 (Jackon 18 with double Garage),Right,N,7.1,W,15000
Hermitage Homes,Jackson 20 (Jackon 18 with double Garage),Right,NE,6.9,W,15000
Hermitage Homes,Jackson 20 (Jackon 18 with double Garage),Right,E,6.9,W,15000
Hermitage Homes,Jackson 20 (Jackon 18 with double Garage),Right,SE,7.1,W,15000
Hermitage Homes,Jackson 20 (Jackon 18 with double Garage),Right,S,7.4,B,5000
Hermitage Homes,Jackson 20 (Jackon 18 with double Garage),Right,SW,7.4,B,5000
Hermitage Homes,Jackson 20 (Jackon 18 with double Garage),Right,W,7.4,B,5000
Hermitage Homes,Jackson 20 (Jackon 18 with double Garage),Right,NW,7.2,W,15000
Hermitage Homes,Jackson 20 GE (Jackon 18 with double Garage),Left,N,7.2,B,5000
Hermitage Homes,Jackson 20 GE (Jackon 18 with double Garage),Left,NE,6.9,W,15000
Hermitage Homes,Jackson 20 GE (Jackon 18 with double Garage),Left,E,6.9,W,15000
Hermitage Homes,Jackson 20 GE (Jackon 18 with double Garage),Left,SE,6.9,W,15000
Hermitage Homes,Jackson 20 GE (Jackon 18 with double Garage),Left,S,7.1,W,15000
Hermitage Homes,Jackson 20 GE (Jackon 18 with double Garage),Left,SW,7.2,W,15000
Hermitage Homes,Jackson 20 GE (Jackon 18 with double Garage),Left,W,7.4,B,5000
Hermitage Homes,Jackson 20 GE (Jackon 18 with double Garage),Left,NW,7.2,B,5000
Hermitage Homes,Jackson 20 GE (Jackon 18 with double Garage),Right,N,6.9,W,15000
Hermitage Homes,Jackson 20 GE (Jackon 18 with double Garage),Right,NE,6.8,W,15000
Hermitage Homes,Jackson 20 GE (Jackon 18 with double Garage),Right,E,6.9,W,15000
Hermitage Homes,Jackson 20 GE (Jackon 18 with double Garage),Right,SE,7,W,15000
Hermitage Homes,Jackson 20 GE (Jackon 18 with double Garage),Right,S,7.3,B,5000
Hermitage Homes,Jackson 20 GE (Jackon 18 with double Garage),Right,SW,7.3,B,5000
Hermitage Homes,Jackson 20 GE (Jackon 18 with double Garage),Right,W,7.3,B,5000
Hermitage Homes,Jackson 20 GE (Jackon 18 with double Garage),Right,NW,7,W,15000
Hermitage Homes,Jasper 20,Left,N,7.1,W,15000
Hermitage Homes,Jasper 20,Left,NE,7.1,W,15000
Hermitage Homes,Jasper 20,Left,E,7.2,W,15000
Hermitage Homes,Jasper 20,Left,SE,7.2,W,15000
Hermitage Homes,Jasper 20,Left,S,7.4,B,5000
Hermitage Homes,Jasper 20,Left,SW,7.3,B,5000
Hermitage Homes,Jasper 20,Left,W,7.3,B,5000
Hermitage Homes,Jasper 20,Left,NW,7.2,W,15000
Hermitage Homes,Jasper 20,Right,N,7.4,B,5000
Hermitage Homes,Jasper 20,Right,NE,7.2,W,15000
Hermitage Homes,Jasper 20,Right,E,7.2,W,15000
Hermitage Homes,Jasper 20,Right,SE,7.1,W,15000
Hermitage Homes,Jasper 20,Right,S,7.2,W,15000
Hermitage Homes,Jasper 20,Right,SW,7.2,W,15000
Hermitage Homes,Jasper 20,Right,W,7.3,B,5000
Hermitage Homes,Jasper 20,Right,NW,7.3,B,5000
Hermitage Homes,Kennedy 22,Left,N,7.2,B,5000
Hermitage Homes,Kennedy 22,Left,NE,7,W,15000
Hermitage Homes,Kennedy 22,Left,E,7.1,W,15000
Hermitage Homes,Kennedy 22,Left,SE,7.1,W,15000
Hermitage Homes,Kennedy 22,Left,S,7.3,B,5000
Hermitage Homes,Kennedy 22,Left,SW,7.2,B,5000
Hermitage Homes,Kennedy 22,Left,W,7.1,W,15000
Hermitage Homes,Kennedy 22,Left,NW,7.1,W,15000
Hermitage Homes,Kennedy 22,Right,N,7.3,B,5000
Hermitage Homes,Kennedy 22,Right,NE,7.1,W,15000
Hermitage Homes,Kennedy 22,Right,E,7,W,15000
Hermitage Homes,Kennedy 22,Right,SE,7.1,W,15000
Hermitage Homes,Kennedy 22,Right,S,7.2,W,15000
Hermitage Homes,Kennedy 22,Right,SW,7.2,W,15000
Hermitage Homes,Kennedy 22,Right,W,7.2,B,5000
Hermitage Homes,Kennedy 22,Right,NW,7.2,B,5000
Hermitage Homes,Kennedy 22L,Left,N,7.4,B,5000
Hermitage Homes,Kennedy 22L,Left,NE,7.1,W,15000
Hermitage Homes,Kennedy 22L,Left,E,7.1,W,15000
Hermitage Homes,Kennedy 22L,Left,SE,7.2,W,15000
Hermitage Homes,Kennedy 22L,Left,S,7.4,B,5000
Hermitage Homes,Kennedy 22L,Left,SW,7.3,W,15000
Hermitage Homes,Kennedy 22L,Left,W,7.3,B,5000
Hermitage Homes,Kennedy 22L,Left,NW,7.3,W,15000
Hermitage Homes,Kennedy 22L,Right,N,7.4,B,5000
Hermitage Homes,Kennedy 22L,Right,NE,7.1,W,15000
Hermitage Homes,Kennedy 22L,Right,E,7.1,W,15000
Hermitage Homes,Kennedy 22L,Right,SE,7.1,W,15000
Hermitage Homes,Kennedy 22L,Right,S,7.4,B,5000
Hermitage Homes,Kennedy 22L,Right,SW,7.3,W,15000
Hermitage Homes,Kennedy 22L,Right,W,7.3,W,15000
Hermitage Homes,Kennedy 22L,Right,NW,7.3,W,15000
Hermitage Homes,Kennedy 22L GE,Left,N,7.2,B,5000
Hermitage Homes,Kennedy 22L GE,Left,NE,7,W,15000
Hermitage Homes,Kennedy 22L GE,Left,E,7.1,W,15000
Hermitage Homes,Kennedy 22L GE,Left,SE,7.1,W,15000
Hermitage Homes,Kennedy 22L GE,Left,S,7.3,B,5000
Hermitage Homes,Kennedy 22L GE,Left,SW,7.2,B,5000
Hermitage Homes,Kennedy 22L GE,Left,W,7.1,W,15000
Hermitage Homes,Kennedy 22L GE,Left,NW,7.1,W,15000
Hermitage Homes,Kennedy 22L GE,Right,N,7.3,B,5000
Hermitage Homes,Kennedy 22L GE,Right,NE,7.1,W,15000
Hermitage Homes,Kennedy 22L GE,Right,E,7,W,15000
Hermitage Homes,Kennedy 22L GE,Right,SE,7.1,W,15000
Hermitage Homes,Kennedy 22L GE,Right,S,7.2,W,15000
Hermitage Homes,Kennedy 22L GE,Right,SW,7.2,W,15000
Hermitage Homes,Kennedy 22L GE,Right,W,7.2,B,5000
Hermitage Homes,Kennedy 22L GE,Right,NW,7.2,B,5000
Hermitage Homes,Leon 22-1B GE,Left,N,7.2,B,0
Hermitage Homes,Leon 22-1B GE,Left,NE,7,W,0
Hermitage Homes,Leon 22-1B GE,Left,E,7.1,W,0
Hermitage Homes,Leon 22-1B GE,Left,SE,7.1,W,0
Hermitage Homes,Leon 22-1B GE,Left,S,7.3,B,0
Hermitage Homes,Leon 22-1B GE,Left,SW,7.2,B,0
Hermitage Homes,Leon 22-1B GE,Left,W,7.1,W,0
Hermitage Homes,Leon 22-1B GE,Left,NW,7.1,W,0
Hermitage Homes,Leon 22-1B GE,Right,N,7.3,B,0
Hermitage Homes,Leon 22-1B GE,Right,NE,7.1,W,0
Hermitage Homes,Leon 22-1B GE,Right,E,7,W,0
Hermitage Homes,Leon 22-1B GE,Right,SE,7.1,W,0
Hermitage Homes,Leon 22-1B GE,Right,S,7.2,W,0
Hermitage Homes,Leon 22-1B GE,Right,SW,7.2,W,0
Hermitage Homes,Leon 22-1B GE,Right,W,7.2,B,0
Hermitage Homes,Leon 22-1B GE,Right,NW,7.2,B,0
Hermitage Homes,Leon 25 GE,Left,N,7.2,B,0
Hermitage Homes,Leon 25 GE,Left,NE,7,W,0
Hermitage Homes,Leon 25 GE,Left,E,7.1,W,0
Hermitage Homes,Leon 25 GE,Left,SE,7.1,W,0
Hermitage Homes,Leon 25 GE,Left,S,7.3,B,0
Hermitage Homes,Leon 25 GE,Left,SW,7.2,B,0
Hermitage Homes,Leon 25 GE,Left,W,7.1,W,0
Hermitage Homes,Leon 25 GE,Left,NW,7.1,W,0
Hermitage Homes,Leon 25 GE,Right,N,7.3,B,0
Hermitage Homes,Leon 25 GE,Right,NE,7.1,W,0
Hermitage Homes,Leon 25 GE,Right,E,7,W,0
Hermitage Homes,Leon 25 GE,Right,SE,7.1,W,0
Hermitage Homes,Leon 25 GE,Right,S,7.2,W,0
Hermitage Homes,Leon 25 GE,Right,SW,7.2,W,0
Hermitage Homes,Leon 25 GE,Right,W,7.2,B,0
Hermitage Homes,Leon 25 GE,Right,NW,7.2,B,0
Hermitage Homes,Lucas 14,Left,N,7.3,B,5000
Hermitage Homes,Lucas 14,Left,NE,7.1,W,15000
Hermitage Homes,Lucas 14,Left,E,7.1,W,15000
Hermitage Homes,Lucas 14,Left,SE,7,W,15000
Hermitage Homes,Lucas 14,Left,S,7.3,B,5000
Hermitage Homes,Lucas 14,Left,SW,7.8,B,5000
Hermitage Homes,Lucas 14,Left,W,8.1,B,5000
Hermitage Homes,Lucas 14,Left,NW,7.6,B,5000
Hermitage Homes,Lucas 14,Right,N,7.2,W,15000
Hermitage Homes,Lucas 14,Right,NE,7,W,15000
Hermitage Homes,Lucas 14,Right,E,7.1,W,15000
Hermitage Homes,Lucas 14,Right,SE,7.1,W,15000
Hermitage Homes,Lucas 14,Right,S,7.4,B,5000
Hermitage Homes,Lucas 14,Right,SW,7.8,B,5000
Hermitage Homes,Lucas 14,Right,W,8.1,B,5000
Hermitage Homes,Lucas 14,Right,NW,7.6,B,5000
Hermitage Homes,Lucas 15 (Lucas 14 with double Garage),Left,N,7.3,W,15000
Hermitage Homes,Lucas 15 (Lucas 14 with double Garage),Left,NE,7.1,W,15000
Hermitage Homes,Lucas 15 (Lucas 14 with double Garage),Left,E,7.2,W,15000
Hermitage Homes,Lucas 15 (Lucas 14 with double Garage),Left,SE,7.1,W,15000
Hermitage Homes,Lucas 15 (Lucas 14 with double Garage),Left,S,7.4,B,5000
Hermitage Homes,Lucas 15 (Lucas 14 with double Garage),Left,SW,7.8,B,5000
Hermitage Homes,Lucas 15 (Lucas 14 with double Garage),Left,W,7.9,B,5000
Hermitage Homes,Lucas 15 (Lucas 14 with double Garage),Left,NW,7.6,B,5000
Hermitage Homes,Lucas 15 (Lucas 14 with double Garage),Right,N,7.4,B,5000
Hermitage Homes,Lucas 15 (Lucas 14 with double Garage),Right,NE,7.1,W,15000
Hermitage Homes,Lucas 15 (Lucas 14 with double Garage),Right,E,7.1,W,15000
Hermitage Homes,Lucas 15 (Lucas 14 with double Garage),Right,SE,7,W,15000
Hermitage Homes,Lucas 15 (Lucas 14 with double Garage),Right,S,7.3,W,15000
Hermitage Homes,Lucas 15 (Lucas 14 with double Garage),Right,SW,7.8,B,5000
Hermitage Homes,Lucas 15 (Lucas 14 with double Garage),Right,W,8.1,B,5000
Hermitage Homes,Lucas 15 (Lucas 14 with double Garage),Right,NW,7.7,B,5000
Hermitage Homes,Lucas 16,Left,N,7.1,W,15000
Hermitage Homes,Lucas 16,Left,NE,7,W,15000
Hermitage Homes,Lucas 16,Left,E,7.1,W,15000
Hermitage Homes,Lucas 16,Left,SE,7.1,W,15000
Hermitage Homes,Lucas 16,Left,S,7.2,W,15000
Hermitage Homes,Lucas 16,Left,SW,7.7,B,5000
Hermitage Homes,Lucas 16,Left,W,7.8,B,5000
Hermitage Homes,Lucas 16,Left,NW,7.5,B,5000
Hermitage Homes,Lucas 16,Right,N,7.1,W,15000
Hermitage Homes,Lucas 16,Right,NE,7.2,W,15000
Hermitage Homes,Lucas 16,Right,E,7.1,W,15000
Hermitage Homes,Lucas 16,Right,SE,7.1,W,15000
Hermitage Homes,Lucas 16,Right,S,7.1,W,15000
Hermitage Homes,Lucas 16,Right,SW,7.6,B,5000
Hermitage Homes,Lucas 16,Right,W,7.8,B,5000
Hermitage Homes,Lucas 16,Right,NW,7.6,B,5000
Hermitage Homes,Marco 25,Left,N,7.2,B,5000
Hermitage Homes,Marco 25,Left,NE,7,W,15000
Hermitage Homes,Marco 25,Left,E,7,W,15000
Hermitage Homes,Marco 25,Left,SE,7,W,15000
Hermitage Homes,Marco 25,Left,S,7.1,W,15000
Hermitage Homes,Marco 25,Left,SW,7,W,15000
Hermitage Homes,Marco 25,Left,W,7,W,15000
Hermitage Homes,Marco 25,Left,NW,7.1,W,15000
Hermitage Homes,Marco 25,Right,N,7.1,W,15000
Hermitage Homes,Marco 25,Right,NE,7,W,15000
Hermitage Homes,Marco 25,Right,E,7,W,15000
Hermitage Homes,Marco 25,Right,SE,7,W,15000
Hermitage Homes,Marco 25,Right,S,7.2,B,5000
Hermitage Homes,Marco 25,Right,SW,7.1,W,15000
Hermitage Homes,Marco 25,Right,W,7.1,W,15000
Hermitage Homes,Marco 25,Right,NW,7,W,15000
Hermitage Homes,Mawson 18,Left,N,7.4,B,0
Hermitage Homes,Mawson 18,Left,NE,7.1,W,0
Hermitage Homes,Mawson 18,Left,E,7.1,W,0
Hermitage Homes,Mawson 18,Left,SE,7,W,0
Hermitage Homes,Mawson 18,Left,S,7,W,0
Hermitage Homes,Mawson 18,Left,SW,7,W,0
Hermitage Homes,Mawson 18,Left,W,7.1,W,0
Hermitage Homes,Mawson 18,Left,NW,7.2,B,0
Hermitage Homes,Mawson 18,Right,N,7,W,0
Hermitage Homes,Mawson 18,Right,NE,7,W,0
Hermitage Homes,Mawson 18,Right,E,7.1,W,0
Hermitage Homes,Mawson 18,Right,SE,7.2,B,0
Hermitage Homes,Mawson 18,Right,S,7.3,B,0
Hermitage Homes,Mawson 18,Right,SW,7.2,B,0
Hermitage Homes,Mawson 18,Right,W,7.1,W,0
Hermitage Homes,Mawson 18,Right,NW,7,W,0
Hermitage Homes,Novo 14,Left,N,7.3,W,15000
Hermitage Homes,Novo 14,Left,NE,7.2,W,15000
Hermitage Homes,Novo 14,Left,E,7.2,W,15000
Hermitage Homes,Novo 14,Left,SE,7,W,15000
Hermitage Homes,Novo 14,Left,S,7.1,W,15000
Hermitage Homes,Novo 14,Left,SW,7.4,B,5000
Hermitage Homes,Novo 14,Left,W,7.7,B,5000
Hermitage Homes,Novo 14,Left,NW,7.4,B,5000
Hermitage Homes,Novo 14,Right,N,7.1,W,15000
Hermitage Homes,Novo 14,Right,NE,7.1,W,15000
Hermitage Homes,Novo 14,Right,E,7.1,W,15000
Hermitage Homes,Novo 14,Right,SE,7.1,W,15000
Hermitage Homes,Novo 14,Right,S,7.3,W,15000
Hermitage Homes,Novo 14,Right,SW,7.5,B,5000
Hermitage Homes,Novo 14,Right,W,7.8,B,5000
Hermitage Homes,Novo 14,Right,NW,7.4,B,5000
Hermitage Homes,Onix 17,Left,N,7.4,B,5000
Hermitage Homes,Onix 17,Left,NE,7.2,W,15000
Hermitage Homes,Onix 17,Left,E,7.1,W,15000
Hermitage Homes,Onix 17,Left,SE,7,W,15000
Hermitage Homes,Onix 17,Left,S,7.2,W,15000
Hermitage Homes,Onix 17,Left,SW,7.6,B,5000
Hermitage Homes,Onix 17,Left,W,7.9,B,5000
Hermitage Homes,Onix 17,Left,NW,7.6,B,5000
Hermitage Homes,Onix 17,Right,N,7.2,W,15000
Hermitage Homes,Onix 17,Right,NE,7,W,15000
Hermitage Homes,Onix 17,Right,E,7.1,W,15000
Hermitage Homes,Onix 17,Right,SE,7.2,W,15000
Hermitage Homes,Onix 17,Right,S,7.6,B,5000
Hermitage Homes,Onix 17,Right,SW,7.8,B,5000
Hermitage Homes,Onix 17,Right,W,7.9,B,5000
Hermitage Homes,Onix 17,Right,NW,7.4,B,5000
Hermitage Homes,Oxford 27,Left,N,7.3,W,15000
Hermitage Homes,Oxford 27,Left,NE,7.3,W,15000
Hermitage Homes,Oxford 27,Left,E,7.4,B,8000
Hermitage Homes,Oxford 27,Left,SE,7.1,W,15000
Hermitage Homes,Oxford 27,Left,S,7.1,W,15000
Hermitage Homes,Oxford 27,Left,SW,7.4,B,8000
Hermitage Homes,Oxford 27,Left,W,7.5,B,8000
Hermitage Homes,Oxford 27,Left,NW,7.3,W,15000
Hermitage Homes,Oxford 27,Right,N,7.3,W,15000
Hermitage Homes,Oxford 27,Right,NE,7.2,W,15000
Hermitage Homes,Oxford 27,Right,E,7.3,W,15000
Hermitage Homes,Oxford 27,Right,SE,7.1,W,15000
Hermitage Homes,Oxford 27,Right,S,7.2,W,15000
Hermitage Homes,Oxford 27,Right,SW,7.4,B,8000
Hermitage Homes,Oxford 27,Right,W,7.6,B,8000
Hermitage Homes,Oxford 27,Right,NW,7.4,B,8000
Hermitage Homes,Perkins 19,Left,N,7.1,W,15000
Hermitage Homes,Perkins 19,Left,NE,7,W,15000
Hermitage Homes,Perkins 19,Left,E,7,W,15000
Hermitage Homes,Perkins 19,Left,SE,7.1,W,15000
Hermitage Homes,Perkins 19,Left,S,7.2,B,5000
Hermitage Homes,Perkins 19,Left,SW,7.2,B,5000
Hermitage Homes,Perkins 19,Left,W,7.2,B,5000
Hermitage Homes,Perkins 19,Left,NW,7.1,W,15000
Hermitage Homes,Perkins 19,Right,N,7.2,B,5000
Hermitage Homes,Perkins 19,Right,NE,7,W,15000
Hermitage Homes,Perkins 19,Right,E,7,W,15000
Hermitage Homes,Perkins 19,Right,SE,7,W,15000
Hermitage Homes,Perkins 19,Right,S,7.1,W,15000
Hermitage Homes,Perkins 19,Right,SW,7.1,W,15000
Hermitage Homes,Perkins 19,Right,W,7.2,B,5000
Hermitage Homes,Perkins 19,Right,NW,7.2,B,5000
Hermitage Homes,Platinum 24,Left,N,7.3,B,5000
Hermitage Homes,Platinum 24,Left,NE,7.1,W,15000
Hermitage Homes,Platinum 24,Left,E,7,W,15000
Hermitage Homes,Platinum 24,Left,SE,7.1,W,15000
Hermitage Homes,Platinum 24,Left,S,7.3,B,5000
Hermitage Homes,Platinum 24,Left,SW,7.2,W,15000
Hermitage Homes,Platinum 24,Left,W,7.1,W,15000
Hermitage Homes,Platinum 24,Left,NW,7.2,W,15000
Hermitage Homes,Platinum 24,Right,N,7.3,B,5000
Hermitage Homes,Platinum 24,Right,NE,7.1,W,15000
Hermitage Homes,Platinum 24,Right,E,7,W,15000
Hermitage Homes,Platinum 24,Right,SE,7.1,W,15000
Hermitage Homes,Platinum 24,Right,S,7.3,B,5000
Hermitage Homes,Platinum 24,Right,SW,7.2,W,15000
Hermitage Homes,Platinum 24,Right,W,7.1,W,15000
Hermitage Homes,Platinum 24,Right,NW,7.2,B,5000
Hermitage Homes,Polo 26,Left,N,7.4,B,5000
Hermitage Homes,Polo 26,Left,NE,7.1,W,15000
Hermitage Homes,Polo 26,Left,E,7,W,15000
Hermitage Homes,Polo 26,Left,SE,7,W,15000
Hermitage Homes,Polo 26,Left,S,7.2,W,15000
Hermitage Homes,Polo 26,Left,SW,7.2,W,15000
Hermitage Homes,Polo 26,Left,W,7.2,B,5000
Hermitage Homes,Polo 26,Left,NW,7.3,B,5000
Hermitage Homes,Polo 26,Right,N,7.2,W,15000
Hermitage Homes,Polo 26,Right,NE,7,W,15000
Hermitage Homes,Polo 26,Right,E,7.1,W,15000
Hermitage Homes,Polo 26,Right,SE,7.2,W,15000
Hermitage Homes,Polo 26,Right,S,7.4,B,5000
Hermitage Homes,Polo 26,Right,SW,7.3,B,5000
Hermitage Homes,Polo 26,Right,W,7.2,W,15000
Hermitage Homes,Polo 26,Right,NW,7.2,W,15000
Hermitage Homes,Raleigh 17 GE,Left,N,7.4,B,5000
Hermitage Homes,Raleigh 17 GE,Left,NE,7.2,W,15000
Hermitage Homes,Raleigh 17 GE,Left,E,7.1,W,15000
Hermitage Homes,Raleigh 17 GE,Left,SE,7,W,15000
Hermitage Homes,Raleigh 17 GE,Left,S,7,W,15000
Hermitage Homes,Raleigh 17 GE,Left,SW,7.1,W,15000
Hermitage Homes,Raleigh 17 GE,Left,W,7.3,B,5000
Hermitage Homes,Raleigh 17 GE,Left,NW,7.3,B,5000
Hermitage Homes,Raleigh 17 GE,Right,N,7,W,15000
Hermitage Homes,Raleigh 17 GE,Right,NE,7.1,W,15000
Hermitage Homes,Raleigh 17 GE,Right,E,7.2,W,15000
Hermitage Homes,Raleigh 17 GE,Right,SE,7.2,W,15000
Hermitage Homes,Raleigh 17 GE,Right,S,7.3,B,5000
Hermitage Homes,Raleigh 17 GE,Right,SW,7.3,B,5000
Hermitage Homes,Raleigh 17 GE,Right,W,7.3,B,5000
Hermitage Homes,Raleigh 17 GE,Right,NW,7.1,W,15000
Hermitage Homes,Spencer 17,Left,N,7.1,W,15000
Hermitage Homes,Spencer 17,Left,NE,7.1,W,15000
Hermitage Homes,Spencer 17,Left,E,7.1,W,15000
Hermitage Homes,Spencer 17,Left,SE,7,W,15000
Hermitage Homes,Spencer 17,Left,S,7,W,15000
Hermitage Homes,Spencer 17,Left,SW,7.1,W,15000
Hermitage Homes,Spencer 17,Left,W,7.2,B,8000
Hermitage Homes,Spencer 17,Left,NW,7,W,15000
Hermitage Homes,Spencer 17,Right,N,7.2,B,8000
Hermitage Homes,Spencer 17,Right,NE,7.1,W,15000
Hermitage Homes,Spencer 17,Right,E,7.1,W,15000
Hermitage Homes,Spencer 17,Right,SE,7,W,15000
Hermitage Homes,Spencer 17,Right,S,7.1,W,15000
Hermitage Homes,Spencer 17,Right,SW,7,W,15000
Hermitage Homes,Spencer 17,Right,W,7.2,B,8000
Hermitage Homes,Spencer 17,Right,NW,7.1,W,15000
Hermitage Homes,Spencer 20,Left,N,7.1,W,15000
Hermitage Homes,Spencer 20,Left,NE,7.1,W,15000
Hermitage Homes,Spencer 20,Left,E,7.1,W,15000
Hermitage Homes,Spencer 20,Left,SE,7.1,W,15000
Hermitage Homes,Spencer 20,Left,S,7.2,B,8000
Hermitage Homes,Spencer 20,Left,SW,7,W,15000
Hermitage Homes,Spencer 20,Left,W,7.1,W,15000
Hermitage Homes,Spencer 20,Left,NW,7,W,15000
Hermitage Homes,Spencer 20,Right,N,7.3,B,8000
Hermitage Homes,Spencer 20,Right,NE,7.1,W,15000
Hermitage Homes,Spencer 20,Right,E,7.1,W,15000
Hermitage Homes,Spencer 20,Right,SE,7,W,15000
Hermitage Homes,Spencer 20,Right,S,7,W,15000
Hermitage Homes,Spencer 20,Right,SW,7,W,15000
Hermitage Homes,Spencer 20,Right,W,7.1,W,15000
Hermitage Homes,Spencer 20,Right,NW,7.1,W,15000
Hermitage Homes,Spencer 24,Left,N,7.1,W,15000
Hermitage Homes,Spencer 24,Left,NE,7,W,15000
Hermitage Homes,Spencer 24,Left,E,6.9,W,15000
Hermitage Homes,Spencer 24,Left,SE,6.9,W,15000
Hermitage Homes,Spencer 24,Left,S,6.9,W,15000
Hermitage Homes,Spencer 24,Left,SW,7.1,W,15000
Hermitage Homes,Spencer 24,Left,W,7.2,B,8000
Hermitage Homes,Spencer 24,Left,NW,7.1,W,15000
Hermitage Homes,Spencer 24,Right,N,7.1,W,15000
Hermitage Homes,Spencer 24,Right,NE,6.9,W,15000
Hermitage Homes,Spencer 24,Right,E,6.9,W,15000
Hermitage Homes,Spencer 24,Right,SE,6.9,W,15000
Hermitage Homes,Spencer 24,Right,S,7.1,W,15000
Hermitage Homes,Spencer 24,Right,SW,7.1,W,15000
Hermitage Homes,Spencer 24,Right,W,7.3,B,8000
Hermitage Homes,Spencer 24,Right,NW,7.1,W,15000
Hermitage Homes,Walker 20,Left,N,7.4,B,8000
Hermitage Homes,Walker 20,Left,NE,7,W,15000
Hermitage Homes,Walker 20,Left,E,7,W,15000
Hermitage Homes,Walker 20,Left,SE,7,W,15000
Hermitage Homes,Walker 20,Left,S,7.2,W,15000
Hermitage Homes,Walker 20,Left,SW,7.4,B,5000
Hermitage Homes,Walker 20,Left,W,7.6,B,5000
Hermitage Homes,Walker 20,Left,NW,7.4,B,5000
Hermitage Homes,Walker 20,Right,N,7.1,W,15000
Hermitage Homes,Walker 20,Right,NE,7,W,15000
Hermitage Homes,Walker 20,Right,E,7,W,15000
Hermitage Homes,Walker 20,Right,SE,7.1,W,15000
Hermitage Homes,Walker 20,Right,S,7.4,B,5000
Hermitage Homes,Walker 20,Right,SW,7.5,B,5000
Hermitage Homes,Walker 20,Right,W,7.6,B,5000
Hermitage Homes,Walker 20,Right,NW,7.3,B,5000
Hermitage Homes,Wentworth 22,Left,N,7.2,W,15000
Hermitage Homes,Wentworth 22,Left,NE,7,W,15000
Hermitage Homes,Wentworth 22,Left,E,7,W,15000
Hermitage Homes,Wentworth 22,Left,SE,7.1,W,15000
Hermitage Homes,Wentworth 22,Left,S,7.3,B,5000
Hermitage Homes,Wentworth 22,Left,SW,7.2,B,5000
Hermitage Homes,Wentworth 22,Left,W,7.2,B,5000
Hermitage Homes,Wentworth 22,Left,NW,7.2,W,15000
Hermitage Homes,Wentworth 22,Right,N,7.3,B,5000
Hermitage Homes,Wentworth 22,Right,NE,7.1,W,15000
Hermitage Homes,Wentworth 22,Right,E,7,W,15000
Hermitage Homes,Wentworth 22,Right,SE,7.1,W,15000
Hermitage Homes,Wentworth 22,Right,S,7.3,B,5000
Hermitage Homes,Wentworth 22,Right,SW,7.2,W,15000
Hermitage Homes,Wentworth 22,Right,W,7.2,W,15000
Hermitage Homes,Wentworth 22,Right,NW,7.2,W,15000
Hermitage Homes,Wentworth 24,Left,N,7.2,W,15000
Hermitage Homes,Wentworth 24,Left,NE,7,W,15000
Hermitage Homes,Wentworth 24,Left,E,7.1,W,15000
Hermitage Homes,Wentworth 24,Left,SE,7.2,W,15000
Hermitage Homes,Wentworth 24,Left,S,7.4,B,5000
Hermitage Homes,Wentworth 24,Left,SW,7.3,B,5000
Hermitage Homes,Wentworth 24,Left,W,7.2,W,15000
Hermitage Homes,Wentworth 24,Left,NW,7.2,W,15000
Hermitage Homes,Wentworth 24,Right,N,7.4,B,5000
Hermitage Homes,Wentworth 24,Right,NE,7.1,W,15000
Hermitage Homes,Wentworth 24,Right,E,7,W,15000
Hermitage Homes,Wentworth 24,Right,SE,7,W,15000
Hermitage Homes,Wentworth 24,Right,S,7.3,B,5000
Hermitage Homes,Wentworth 24,Right,SW,7.2,W,15000
Hermitage Homes,Wentworth 24,Right,W,7.2,W,15000
Hermitage Homes,Wentworth 24,Right,NW,7.3,B,5000
