estate_name,stage_name
Aberdeen,2
Aberdeen,4
Aberdeen,6
Aberdeen,A
Aberdeen,B
Aberdeen,C
Aberdeen,D
Acacia Estate,10
Acacia Estate,11
Acacia Estate,6
Acacia Estate,8
Acacia Estate,9
Acacia Village,1
Acacia Village,2
Acacia Village,3
Acclaim,2
Acclaim,3
Acclaim,5
Accolade Estate,1
Accolade Estate,10
Accolade Estate,11
Accolade Estate,12
Accolade Estate,13
Accolade Estate,14
Accolade Estate,15
Accolade Estate,16
Accolade Estate,2
Accolade Estate,3
Accolade Estate,4
Accolade Estate,5
Accolade Estate,6
Accolade Estate,7
Accolade Estate,8
Accolade Estate,9
Acre Ridge,1
Adara Estate,1
Adara Estate,2
Affinity,1A
Affinity,1B
Alamora,1
Alamora,11
Alamora,12
Alamora,13
Alamora,15
Alamora,16
Alamora,19
Alamora,2
Alamora,3
Alamora,32
Alamora,4
Alamora,5
Alamora,6
Alamora,9
Alarah East Estate,4A
Albright Estate,5
Albright Estate,6
Albright Estate,7
Albright Estate,8
Aldo,1
Aldo,10
Aldo,11
Aldo,2
Aldo,3
Aldo,4
Aldo,5
Aldo,6
Aldo,7
Aldo,8
Aldo,9
Alexander Estate,1
Alexander Park,5
Alexander Park,6
Alfredton Central Estate,2
Alfredton Central Estate,3
Alfredton Central Estate,4
Alfredton Central Estate,5
Alfredton Grove Estate,1
Alfredton Grove Estate,10
Alfredton Grove Estate,2
Alfredton Grove Estate,3
Alfredton Grove Estate,4
Alfredton Grove Estate,5
Alfredton Grove Estate,6
Alfredton Grove Estate,7
Alfredton Grove Estate,8
Alfredton Grove Estate,9
Alira Estate,1
Alira Estate,1A
Alira Estate,1D
Alira Estate,2B
Alira Estate,3A
Alira Estate,3B
Alira Estate,3C
Alira Estate,4A
Alira Estate,4B
Alira Estate,4C
Alira Estate,5
Alira Estate,5A
Alira Estate,5C
Alira Estate,5D
Alira Estate,6A
Alira Estate,6B
Alira Estate,6C
Alira Estate,6F
Alira Estate,7
Alkyra Estate,1
Alkyra Estate,2
Alkyra Estate,4
Allanvale Estate,1
Allanvale Estate,2
Allanvale Estate,3
Allanvale Estate,4
Allara Estate,1
Allara Winchelsea,1
Allegra,1
Allegra,2
Allemore,1
Allemore,2
Allemore,3
Allora Avenue,1
Allura Estate,12
Allura Estate,16
Allura Estate,17
Allura Estate,26
Allura Estate,37
Allura Estate,39
Allura Estate,40
Allure Estate,1
Allure Estate,2
Alluvium Estate,1
Alluvium Estate,2
Alluvium Estate,3
Alluvium Estate,4
Alluvium Estate,5
Alluvium Estate,6
Alma Estate Clyde North,1
Altius,1
Alto,1
Alto,2
Alto,3
Alto,4
Altura Estate,1
Alwood Estate,2
Alwood Estate,3
Alwood Estate,3A
Alwood Estate,4
Alwood Estate,5
Alwood Estate,6
Alwood Estate,7
Alwood Estate,8
Amber Estate,10
Amber Estate,11A
Amber Estate,11B
Amber Estate,12
Amber Estate,2A
Amber Estate,3
Amber Estate,4
Amber Estate,6A
Amber Estate,7
Amber Estate,8
Amber Estate,9
Amber Estate,9B
Amberley Park,24
Ambervue Estate,1
Ambervue Estate,2
Ambervue Estate,3
Ambervue Estate,4
Ambervue Estate,5
Ambervue Estate,6
Anchoridge Estate,1
Anchoridge Estate,10
Anchoridge Estate,10A
Anchoridge Estate,10B
Anchoridge Estate,10C
Anchoridge Estate,12
Anchoridge Estate,13
Anchoridge Estate,14
Anchoridge Estate,15
Anchoridge Estate,2
Anchoridge Estate,3
Anchoridge Estate,4
Anchoridge Estate,5
Anchoridge Estate,6
Anchoridge Estate,7
Anchoridge Estate,8A
Anchoridge Estate,8B
Anchoridge Estate,9
Annabella Street Estate,2
Annadale Estate,10
Annadale Estate,11
Annadale Estate,12
Annadale Estate,12B
Annadale Estate,13
Annadale Estate,14
Annadale Estate,15
Annadale Estate,16
Annadale Estate,17
Annadale Estate,18
Annadale Estate,19
Annadale Estate,2
Annadale Estate,20
Annadale Estate,21
Annadale Estate,3A
Annadale Estate,4
Annadale Estate,5
Annadale Estate,6
Annadale Estate,7
Annadale Estate,8
Annadale Estate,9
Applegum Estate,3
Arbor Estate,1
Arbor Estate,2
Arbor Estate,3
Arbor Estate,4
Arbor Estate,5
Arcadia Estate,1
Arcadia Estate,10
Arcadia Estate,11A
Arcadia Estate,12A
Arcadia Estate,13
Arcadia Estate,14
Arcadia Estate,16
Arcadia Estate,17
Arcadia Estate,18
Arcadia Estate,19
Arcadia Estate,1A
Arcadia Estate,20
Arcadia Estate,21
Arcadia Estate,22
Arcadia Estate,23
Arcadia Estate,24
Arcadia Estate,25
Arcadia Estate,26
Arcadia Estate,27
Arcadia Estate,28
Arcadia Estate,29
Arcadia Estate,3
Arcadia Estate,30
Arcadia Estate,31
Arcadia Estate,5
Arcadia Estate,7
Arcadia Estate,8
Arcadia Estate,9
Arden Estate,11
Arden Estate,15
Arden Estate,16
Arena Estate,6
Arena Estate,7
Aria Living,2
Armstrong Central Estate,1
Armstrong Central Estate,10
Armstrong Central Estate,4
Armstrong Central Estate,9
Armstrong Estate,12
Armstrong Estate,15
Armstrong Estate,22
Armstrong Estate,23
Armstrong Estate,24
Armstrong Estate,25
Armstrong Estate,26
Armstrong Estate,27A
Armstrong Estate,27B
Armstrong Estate,27C
Armstrong Estate,30
Armstrong Estate,32
Armstrong Estate,35
Armstrong Estate,38
Armstrong Estate,39
Armstrong Estate,40
Armstrong Estate,40A
Armstrong Estate,41
Armstrong Estate,42
Armstrong Estate,44
Armstrong Estate,45
Armstrong Estate,46A
Armstrong Estate,46B
Armstrong Estate,47
Armstrong Estate,48
Armstrong Estate,53A
Armstrong Estate,53B
Armstrong Estate,59A
Armstrong Estate,66
Armstrong Estate,67C
Armstrong Estate,68
Armstrong Estate,69
Armstrong Estate,71
Armstrong Grove Estate,1
Armstrong Grove Estate,2
Armstrong Waters Estate,3
Armstrong Waters Estate,6
Armstrong Waters Estate,7
Armstrong Waters Estate,8
Arnolds Creek Estate,15
Arnolds Creek Estate,21
Arnolds Creek Estate,28
Arnolds Creek Estate,29
Arnolds Creek Estate,30
Arnolds Creek Estate,31
Arnolds Creek Estate,32
Arnolds Creek Estate,33
Arnolds Creek Estate,35
Arramont Estate,1
Arramont Estate,10
Arramont Estate,11
Arramont Estate,12
Arramont Estate,14
Arramont Estate,15
Arramont Estate,16
Arramont Estate,17
Arramont Estate,18
Arramont Estate,19
Arramont Estate,2
Arramont Estate,20
Arramont Estate,4
Arramont Estate,5
Arramont Estate,6
Arramont Estate,7
Arramont Estate,8
Arranmore Estate,1
Arranmore Estate,4
Arranmore Estate,6
Ascot Estate,1
Ascot Estate,3
Ascot Estate,4
Ascot Estate,7
Ascot Estate,8
Ascot Springs,1
Ashbury Estate,10
Ashbury Estate,11A
Ashbury Estate,13
Ashbury Estate,14
Ashbury Estate,15
Ashbury Estate,16
Ashbury Estate,18
Ashbury Estate,20
Ashbury Estate,21
Ashbury Estate,22
Ashbury Estate,24
Ashbury Estate,25
Ashbury Estate,26
Ashbury Estate,27
Ashbury Estate,28
Ashbury Estate,29
Ashbury Estate,30
Ashbury Estate,31
Ashbury Estate,32
Ashbury Estate,33
Ashbury Estate,4
Ashbury Estate,6
Ashbury Estate,7
Ashbury Estate,8
Ashbury Estate,9A
Ashford Park Estate,1
Ashford Park Estate,2
Ashford Park Estate,3
Ashford Park Estate,4
Ashford Park Estate,5
Ashwark,1
Ashwood,1
Aspect  - Officer,1
Aspect - Mernda,1
Aspect - Mernda,2
Aspect - Mernda,3
Aspect - Mernda,5
Aspect Estate,10
Aspect Estate - Greenvale,8
Aspen Estate,2A
Aspen Estate,2B
Aspen Estate,2C
Aspen Estate,4
Aspen Estate,5
Aspen Estate,6
Aspire Estate,21
Aspire Estate,22
Aspire Estate,24
Aspire Estate,26
Aspire Estate,27
Aspire Estate,28
Aspire Estate,29
Aspire Estate,30
Aspire Estate,30A
Aspire Estate,31
Aspire Estate,33
Aspire Estate,35
Aspire Estate,35B
Aspire Estate,36B
Aspire Estate,37
Aspire Estate,3a
Aston Estate,17
Aston Estate,17A
Aston Estate,18
Aston Estate,19
Aston Estate,21
Aston Estate,22
Aston Estate,25
Aston Estate,26
Aston Estate,27
Aston Estate,28
Aston Estate,29
Aston Estate,30
Aston Estate,31
Atherstone Estate,10
Atherstone Estate,11
Atherstone Estate,12
Atherstone Estate,13
Atherstone Estate,14
Atherstone Estate,15
Atherstone Estate,16
Atherstone Estate,17
Atherstone Estate,18
Atherstone Estate,19
Atherstone Estate,1B
Atherstone Estate,2
Atherstone Estate,21
Atherstone Estate,22
Atherstone Estate,23
Atherstone Estate,24
Atherstone Estate,25
Atherstone Estate,26
Atherstone Estate,27
Atherstone Estate,3
Atherstone Estate,31
Atherstone Estate,32
Atherstone Estate,33
Atherstone Estate,34
Atherstone Estate,35
Atherstone Estate,36
Atherstone Estate,37
Atherstone Estate,38
Atherstone Estate,39
Atherstone Estate,4
Atherstone Estate,40
Atherstone Estate,41
Atherstone Estate,42
Atherstone Estate,51
Atherstone Estate,52
Atherstone Estate,6
Atherstone Estate,61
Atherstone Estate,63
Atherstone Estate,7
Atherstone Estate,8
Atherstone Estate,9
Atherstone Estate - Middle Park,13
Atherstone Estate - Middle Park,20
Atherstone Estate - Middle Park,21
Atherstone Estate - Settlers Creek,10
Atherstone Estate - Settlers Creek,11
Atherstone Estate - Settlers Creek,8
Atherstone Estate - Stone Ridge,9
Atherstone Estate - Wilton,10
Atherstone Estate - Wilton,12
Atherstone Estate - Wilton,7
Atherstone Estate - Wilton,8
Atkinson Place,1
Atlas  Rockbank,1
Atticus Estate,1
Atticus Estate,2
Atticus Estate,3
Atticus Estate,4
Atticus Estate,5A
Atticus Estate,6C
Atticus Estate,7
Attwell Estate,10
Attwell Estate,11
Attwell Estate,12
Attwell Estate,3
Attwell Estate,4
Attwell Estate,5
Attwell Estate,6
Attwell Estate,6B
Attwell Estate,7
Attwell Estate,8
Attwell Estate,9
Auburn Estate,1
Auburn Estate,2
Aurora Estate,10
Aurora Estate,11
Aurora Estate,14
Aurora Estate,15
Aurora Estate,16
Aurora Estate,18
Aurora Estate,19
Aurora Estate,26
Aurora Estate,3
Aurora Estate,30
Aurora Estate,31
Aurora Estate,40
Aurora Estate,42
Aurora Estate,43
Aurora Estate,44
Aurora Estate,45A
Aurora Estate,45B
Aurora Estate,46
Aurora Estate,50
Aurora Estate,51
Aurora Estate,5A
Aurora Estate,5C
Aurora Estate,6
Aurora Estate,63
Aurora Estate,64
Aurora Estate,65
Aurora Estate,68
Aurora Estate,7
Aurora Estate,9
Aurum Estate,1
Aurum Estate,2
Aurum Estate,3
Austin Estate,1
Austin Estate,10
Austin Estate,11
Austin Estate,12
Austin Estate,13
Austin Estate,14
Austin Estate,15
Austin Estate,16
Austin Estate,17
Austin Estate,17D
Austin Estate,2
Austin Estate,3
Austin Estate,30B
Austin Estate,30D
Austin Estate,31A
Austin Estate,31B
Austin Estate,31C
Austin Estate,32A
Austin Estate,4
Austin Estate,5
Austin Estate,6
Austin Estate,7
Austin Estate,9
Austin Estate,Lochnaben B
Avenue Hill Estimate,6
Avenue Hill Estimate,7
Averley Estate,1
Averley Estate,11
Averley Estate,13
Averley Estate,17
Averley Estate,1A
Averley Estate,1B
Averley Estate,1C
Averley Estate,2
Averley Estate,2B
Averley Estate,3A
Averley Estate,3C
Averley Estate,8
Bacchus Mews,1
Ballarto Place,1
Ballaway,1
Ballymanus Estate,1
Ballymanus Estate,10
Ballymanus Estate,12
Ballymanus Estate,13
Ballymanus Estate,16
Ballymanus Estate,17
Ballymanus Estate,20
Ballymanus Estate,21
Ballymanus Estate,9
Balmain,1
Balmain,2
Balmain,3
Balmain,5
Balmain,6
Balmain,7
Balmain,8
Balmoral,1
Balmoral,10
Balmoral,2
Balmoral,4
Balmoral,5
Balmoral,6
Balmoral,7
Balmoral,8
Balmoral,9
Banksia  Estate,1
Banksia - Armstrong Creek,12
Banksia - Armstrong Creek,13
Banksia - Armstrong Creek,2
Banksia - Armstrong Creek,3
Banksia - Armstrong Creek,4
Banksia - Armstrong Creek,5
Banksia - Armstrong Creek,6
Banksia - Armstrong Creek,7
Banksia - Armstrong Creek,8
Banksia - Armstrong Creek,9
Banksia Rise,9
Bankside Estate,1
Bankside Estate,2
Bankside Estate,3
Bankside Estate,3C
Bankside Estate,4
Bankside Estate,5
Bankside Estate,6a
Banyan Place,1
Banyan Place,10
Banyan Place,2
Banyan Place,3
Banyan Place,4
Banyan Place,5
Banyan Place,6
Banyan Place,7
Banyan Place,8
Banyan Place,9
Barrabool Views,1
Barrabool Views,6
Barrabool Views,7
Baybreeze Estate,1
Baybreeze Estate,10
Baybreeze Estate,12
Baybreeze Estate,14
Baybreeze Estate,15
Baybreeze Estate,17
Baybreeze Estate,19
Baybreeze Estate,2
Baybreeze Estate,20
Baybreeze Estate,3
Baybreeze Estate,4
Bayview Estate,11
Bayview Estate,3
Bayview Estate,4A
Bayview Estate,4B
Bayview Estate,5
Bayview Estate,6
Bayview Estate,7
Bayview Estate,8
Bayview Estate,9
Bayview Estate Officer,1
Baywater Estate,10
Baywater Estate,12
Baywater Estate,13
Baywater Estate,14
Baywater Estate,6
Baywater Estate,9
Beaconsfield Estate,1
Bella Estate,1
Bella Estate,2
Bella Estate,3
Bella Estate,4
Bella Estate,5
Bella Estate,6
Bella Estate,7
Bella Estate,8
Bella Vista,1
Bella Vista Estate,1
Bella Vista Estate,3
Bellaview Estate,4
Belle Gardens Estate,8
Bellevue Estate,11
Bellevue Tops Estate,2
Bellevue Tops Estate,4
Bellevue Tops Estate,5
Bellevue Tops Estate,6
Bellevue Tops Estate,7
Bellevue Tops Estate,8
Bellevue Tops Estate,9
Belmond Estate,10
Belmond Estate,11
Belmond Estate,12
Belmond Estate,13
Belmond Estate,14
Belmond Estate,15
Belmond Estate,16B
Belmond Estate,17
Belmond Estate,18
Belmond Estate,19
Belmond Estate,4
Belmond Estate,5
Belmond Estate,6
Belmond Estate,8
Belmond Estate,9
Bentley Park Estate,1
Bentley Park Estate,2
Bentley Park Estate,3
Bentley Park Estate,5A
Bentley Park Estate,5B
Berthon Park,2
Berthon Park,3
Berwick Waters - Emerald Bend,12
Berwick Waters - Honour Village Estate,1
Berwick Waters - Honour Village Estate,11
Berwick Waters - Honour Village Estate,16
Berwick Waters - Honour Village Estate,17
Berwick Waters - Honour Village Estate,2
Berwick Waters - Honour Village Estate,3
Berwick Waters - Honour Village Estate,9
Berwick Waters - Mondous Island,12
Berwick Waters - Mondous Island,13
Berwick Waters - Mondous Island,14
Berwick Waters - Promenade Village,4
Berwick Waters - Promenade Village,5
Berwick Waters - Promenade Village,7A
Berwick Waters - Upper Banks,1
Berwick Waters - Upper Banks,15
Berwick Waters - Upper Banks,6
Berwick Waters Estate - College Green,1
Berwick Waters Estate - College Green,2
Berwick Waters Estate - College Green,3
Berwick Waters Estate - College Green,4
Berwick Waters Estate - College Green,6
Berwick Waters Estate - College Green,7
Berwick Waters Estate - College Green,8
Berwick Waters Estate - Heritage Hill,4
Berwick Waters Estate - The Cove,16
Berwick Waters Estate - The Strand,11
Berwick Waters Estate - The Strand,8
Berwick Waters Estate - The Strand,9
Berwick Waters Estate - Waterside,13
Berwick Waters Estate - Waterside,3
Berwick Waters Estate - Waterside,4
Berwick Waters Estate - Waterside,5
Berwick Waters Estate - Waterside,7
Berwick Waters Estate - Waterside,8
Berwick Waters Estate - Waterside,8B
Berwick Waters Estate - Waterside,9A
Bethany Park Estate,4
Bethany Park Estate,6
Beveridge Central,1
Beveridge Central,2
Birchmore,1
Birchmore,2
Birchmore,3
Birchmore,4
Blanch Estate,2F
Bloom - The New Estate,2
Bloom Estate,1
Bloom Estate,2
Bloom Estate,3
Bloom Estate,4
Bloom Estate,8
Bloomdale Estate,12
Bloomdale Estate,18
Bloomdale Estate,19
Bloomdale Estate,23
Bloomdale Estate,26
Bloomdale Estate,27
Bloomdale Estate,29
Bloomdale Estate,30
Bloomdale Estate,31
Bloomdale Estate,32
Bloomdale Estate,33
Bloomdale Estate,34
Bloomdale Estate,35
Bloomdale Estate,36
Bloomdale Estate,37
Bloomdale Estate,38
Bloomdale Estate,39
Blue Horizons Estate,14
Blue Horizons Estate,5A
Bluestone Estate,1
Bluestone Estate,2
Bluestone Estate,4
Bluestone Estate,5
Bluestone Estate,5A
Bluestone Estate,6
Bluestone Estate,7
Bluestone Estate,9
Bluestone Views,1
Bluestone Views,2
Boardwalk Estate,1
Boardwalk Estate,2
Boardwalk Estate,3
Boardwalk Estate,4
Bonshaw Run,1
Bonshaw Run,2
Botania,1A
Botania,1B
Botania,2A
Botania,2B
Botania,3
Botania,4A
Botania,4B
Botania,5A
Botania,5B
Botania,6
Botania,7
Botania,8D
Botanic Ridge,18
Botanic Ridge,22
Botanic Ridge,23
Botanic Ridge,24
Botanic Ridge,24B
Botanic Ridge,24C
Botanical Estate,1
Botanical Estate,11
Botanical Estate,13
Botanical Estate,14
Botanical Estate,15
Botanical Estate,16
Botanical Estate,17
Botanical Estate,18
Botanical Estate,19
Botanical Estate,2
Botanical Estate,22
Botanical Estate,23
Botanical Estate,25
Botanical Estate,26
Botanical Estate,27
Botanical Estate,28
Botanical Estate,29
Botanical Estate,3
Botanical Estate,30
Botanical Estate,4
Botanical Estate,5
Botanical Estate,6
Botanical Estate,7
Botanical Estate,7A
Botanical Estate,7B
Botanical Estate,7C
Botanical Estate,9
Botanical Estate,9A
Botanical Estate,9B
Bowery,1A
Bowery,1B
Bowery,2
Brandy Creek,5
Brandy Creek,6
Brendan,1
Brendan,2
Bridgefield Estate,1
Bridgefield Estate,10
Bridgefield Estate,11
Bridgefield Estate,12
Bridgefield Estate,13
Bridgefield Estate,14
Bridgefield Estate,2
Bridgefield Estate,3
Bridgefield Estate,4
Bridgefield Estate,5
Bridgefield Estate,6
Bridgefield Estate,7
Bridgefield Estate,8
Bridgefield Estate,9
Broadstead,1
Broadstead,3
Brompton Estate,1
Brompton Estate,10
Brompton Estate,11
Brompton Estate,11A
Brompton Estate,12
Brompton Estate,13
Brompton Estate,14
Brompton Estate,15
Brompton Estate,16
Brompton Estate,2
Brompton Estate,3
Brompton Estate,4
Brompton Estate,5
Brompton Estate,6
Brompton Estate,7
Brompton Estate,8
Brompton Estate,9
Brompton Estate,9A
Brookhaven Estate,2
Brookhaven Estate,4A
Brookhaven Estate,4B
Brunt Road,1
Brunt Road Estate,1
Burvilles Grove,1
Burwood Brickworks,1
Cairnlea Estate,1
Caldera,1
Caledonia Estate,1
Caledonia Estate,2
Caledonia Estate,3
Camden Place Estate,1
Camden Place Estate,2A
Camden Place Estate,3
Canadian Views Estate,1
Canadian Views Estate,2
Canadian Views Estate,4
Canopy Estate,10B
Canopy Estate,11
Canopy Estate,12
Canopy Estate,13
Canopy Estate,14
Canopy Estate,15
Canopy Estate,16
Canopy Estate,2
Canopy Estate,3
Canopy Estate,4
Canopy Estate,5
Canopy Estate,6
Canopy Estate,9
Cardinia Lakes Estate,1
Cardinia Lakes Estate,12
Cardinia Lakes Estate,8
Cardinia Park,2
Cardinia Rise,1
Cardinia Views Estate,11
Cardinia Views Estate,8
Carey Heights,1
Carlingford,5
Carolina Estate,1
Carolina Estate,11
Carolina Estate,12
Carolina Estate,13
Carolina Estate,15
Carolina Estate,2
Carolina Estate,3
Carolina Estate,4
Carolina Estate,5
Carolina Estate,6
Carrington Estate,1
Carrington Estate,2
Carrington Estate,3
Carrington Estate,4
Carrington Estate,5
Carringum,1
Carringum,2
Carringum,4
Carringum,4a
Carringum,5A
Carringum,6a
Carringum,7
Carringum,8
Carringum,9
Carroll Lane,1A
Carroll Lane,1B
Carroll Lane,2
Catalina Estate,1
Catalina Estate,10
Catalina Estate,11
Catalina Estate,2
Catalina Estate,3
Catalina Estate,4
Catalina Estate,5
Catalina Estate,6
Catalina Estate,7
Catalina Estate,8
Catalina Heights,1
Catalina Heights,2
Central Park Estate,2
Central Walk Estate,1
Central Walk Estate,2
Central Walk Estate,3
Central Walk Estate,7
Champions Estate,3
Champions Estate,5
Champions Estate,6
Champions Estate,7
Champions Estate,8
Charlemont Rise Estate,1
Charlemont Rise Estate,10
Charlemont Rise Estate,11
Charlemont Rise Estate,12
Charlemont Rise Estate,13
Charlemont Rise Estate,15
Charlemont Rise Estate,17
Charlemont Rise Estate,18
Charlemont Rise Estate,19
Charlemont Rise Estate,2
Charlemont Rise Estate,20
Charlemont Rise Estate,21
Charlemont Rise Estate,22
Charlemont Rise Estate,23
Charlemont Rise Estate,24
Charlemont Rise Estate,25
Charlemont Rise Estate,26
Charlemont Rise Estate,27
Charlemont Rise Estate,29
Charlemont Rise Estate,30
Charlemont Rise Estate,5
Charlemont Rise Estate,6
Charlemont Rise Estate,7
Charlemont Rise Estate,8
Charlemont Rise Estate,9
Chelsea Heights,1
Chelsea Heights,2
Cherrington Estate,4
Cherry Side Estate,1
Chesterfield,15A
Chillingham Rd,1
Chittering Place,1
Circa 1886 Estate,10
Circa 1886 Estate,11
Circa 1886 Estate,12
Circa 1886 Estate,5
Circa 1886 Estate,5A
Circa 1886 Estate,7
Circa 1886 Estate,8
City Views Estate,1
City Views Estate,2
Clara Place,1
Clara Place,2
Clara Place,3A
Clarendon Park,1
Clarendon Park,3
Clarinda Park Estate,12B
Clarinda Park Estate,6
Clayton Rise,1
Clearwater,1
Clearwater,2
Clearwater,3
Clearwater,4
Clearwater,5
Cloverton Estate,100
Cloverton Estate,1206
Cloverton Estate,201
Cloverton Estate,203
Cloverton Estate,209
Cloverton Estate,302
Cloverton Estate,303
Cloverton Estate,304
Cloverton Estate,305
Cloverton Estate,306
Cloverton Estate,307
Cloverton Estate,308
Cloverton Estate,313
Cloverton Estate,314
Cloverton Estate,315
Cloverton Estate,316
Cloverton Estate,317
Cloverton Estate,318
Cloverton Estate,319
Cloverton Estate,320
Cloverton Estate,321
Cloverton Estate,322
Cloverton Estate,323
Cloverton Estate,325
Cloverton Estate,326
Cloverton Estate,327
Cloverton Estate,328
Cloverton Estate,329
Cloverton Estate,332
Cloverton Estate,333
Cloverton Estate,334
Cloverton Estate,335
Cloverton Estate,336
Cloverton Estate,340
Cloverton Estate,341
Cloverton Estate,342
Cloverton Estate,343
Cloverton Estate,349
Cloverton Estate,351
Cloverton Estate,352
Cloverton Estate,353
Cloverton Estate,355
Cloverton Estate,356
Cloverton Estate,360
Cloverton Estate,366
Cloverton Estate,368
Cloverton Estate,371
Cloverton Estate,372
Cloverton Estate,373
Cloverton Estate,375
Cloverton Estate,377
Cloverton Estate,378
Cloverton Estate,604
Cloverton Estate,606
Cloverton Estate,607
Cloverton Estate,609
Clyde Springs Estate,10
Clyde Springs Estate,4
Clyde Springs Estate,5
Clyde Springs Estate,6
Clyde Springs Estate,7
Clyde Springs Estate,8
Clyde Springs Estate,9
Clydevale Estate,1
Clydevale Estate,10
Clydevale Estate,13
Clydevale Estate,14
Clydevale Estate,15
Clydevale Estate,17
Clydevale Estate,18
Clydevale Estate,19
Clydevale Estate,20
Clydevale Estate,21
Clydevale Estate,22
Clydevale Estate,23
Clydevale Estate,24
Clydevale Estate,25
Clydevale Estate,26
Clydevale Estate,4
Clydevale Estate,41
Clydevale Estate,42
Clydevale Estate,43
Clydevale Estate,6
Clydevale Estate,7
Clydevale Estate,8
Clydevale Estate,9
Clydevale Estate,Jade
Coastal Rise,1
Coastal Rise,2
Cobble Springs,1
Cobble Springs,2
Cobble Springs,3
Cobble Springs,4
Coburns Rise,2
Coburns Rise,3
College Fields - Officer,1
College Fields - Wyndham Vale,1
College Fields - Wyndham Vale,3
College Fields - Wyndham Vale,5
College Green Estate,1
College Green Estate,2
College Green Estate,3
College Green Estate,4
Conroys Green,1
Conroys Green,2
Conroys Green,3
Conroys Green,4
Conroys Green,5
Conroys Green,6
Conroys Green,7
Conroys Green,8
Conroys Green,9
Coomoora,1
Copelands Estate,12
Copelands Estate,14
Copelands Estate,15
Copelands Estate,2
Copelands Estate,4
Copelands Estate,5
Copelands Estate,6
Copelands Estate,7
Coridale,1
Coridale,10
Coridale,11
Coridale,15
Coridale,16
Coridale,17
Coridale,19
Coridale,2
Coridale,20
Coridale,21
Coridale,3
Coridale,4
Coridale,5
Coridale,7a
Coridale,7b
Coridale,8
Coridale,9
Coriyule Estate,1
Coriyule Estate,10
Coriyule Estate,2
Coriyule Estate,3
Coriyule Estate,4
Coriyule Estate,5
Coriyule Estate,6
Coriyule Estate,8
Coriyule Estate,9
Cornerstone Estate,1
Cornerstone Estate,10
Cornerstone Estate,11
Cornerstone Estate,12
Cornerstone Estate,13
Cornerstone Estate,14
Cornerstone Estate,15
Cornerstone Estate,16
Cornerstone Estate,16B
Cornerstone Estate,17
Cornerstone Estate,18
Cornerstone Estate,19
Cornerstone Estate,1A
Cornerstone Estate,2
Cornerstone Estate,20
Cornerstone Estate,21
Cornerstone Estate,22
Cornerstone Estate,3
Cornerstone Estate,4
Cornerstone Estate,5
Cornerstone Estate,6
Cornerstone Estate,7
Cornerstone Estate,8
Cornerstone Estate,9
Creekbank,1
Creekbank,2
Creekbank,3
Creekbank,4
Creekstone Estate,1
Creekstone Estate,14
Creekstone Estate,15
Creekstone Estate,16
Creekstone Estate,17
Creekstone Estate,18
Creekstone Estate,19
Creekstone Estate,2
Creekstone Estate,20
Creekstone Estate,21
Creekstone Estate,22
Creekstone Estate,23
Creekstone Estate,25
Creekstone Estate,3
Creekstone Estate,4
Creekstone Estate,5
Creekstone Estate,6
Cressida Rise (920 Bridge Inn),1
Cressida Rise (920 Bridge Inn),2
Crestwood Place,1
Curlewis Parks Estate,10
Curlewis Parks Estate,11
Curlewis Parks Estate,12
Curlewis Parks Estate,14A
Curlewis Parks Estate,15
Curlewis Parks Estate,17A
Curlewis Parks Estate,18
DTC Edge,1
Dalgona Estate,1
Dalgona Estate,2
Danthonia Ave,5
Darling Darley,2
Davis Vineyard,2
Davis Vineyard,3
Davis Vineyard,4
Davis Vineyard,5
Davis Vineyard,6
Davis Vineyard,7
Davis Vineyard,8
Davis Vineyard,9
Deanside Central Estate,1
Deanside Central Estate,2
Deanside Central Estate,3
Deanside Central Estate,4A
Deanside Springs Estate,1
Deanside Springs Estate,2
Deanside Village Estate,1
Deanside Village Estate,10
Deanside Village Estate,11
Deanside Village Estate,12
Deanside Village Estate,14
Deanside Village Estate,15
Deanside Village Estate,17
Deanside Village Estate,18
Deanside Village Estate,19
Deanside Village Estate,20A
Deanside Village Estate,21
Deanside Village Estate,23
Deanside Village Estate,24A
Deanside Village Estate,3
Deanside Village Estate,7
Deanside Village Estate,8
Deanside Village Estate,9
Delaray Estate,11
Delaray Estate,12B
Delaray Estate,14
Delaray Estate,15
Delaray Estate,16B
Delaray Estate,17
Delaray Estate,18
Delaray Estate,19
Delaray Estate,19B
Delaray Estate,20
Delaray Estate,21
Delaray Estate,4
Delaray Estate,5
Delaray Estate,7
Delaray Estate,8
Delaray Estate,9
Desmond St Moe,1
Diamond Rise  Estate,1
Diamond Rise  Estate,2A
Diamond Rise  Estate,2B
Diamond Rise  Estate,3
Diamond Rise  Estate,4
Donnybrae Estate,1
Donnybrae Estate,10
Donnybrae Estate,11
Donnybrae Estate,12
Donnybrae Estate,13
Donnybrae Estate,15
Donnybrae Estate,16
Donnybrae Estate,3
Donnybrae Estate,5
Donnybrae Estate,6
Donnybrae Estate,7
Donnybrae Estate,8
Donnybrae Estate,9
Dream Estate,1
Dream Estate,2
Dream Estate,3
Dream Estate,4
Drews Paddock,3
Drews Paddock,4
Drouin Fields,1
Drouin Fields,2
Drouin Fields,2A
Drouin Springs,17
Drouin Springs,18
Drouin Springs,19
Drysdale Central,1
Dunhelen,1
Dunhelen,2
ELPIS Estate,1
ELPIS Estate,10
ELPIS Estate,11
ELPIS Estate,18
ELPIS Estate,2
ELPIS Estate,3
ELPIS Estate,4
ELPIS Estate,6
ELPIS Estate,7
ELPIS Estate,8
ELPIS Estate,9
Eagle Heights,1
East 35,1
East Estate,1
East Estate,2
East Estate,3
East Estate,4
East Estate,5
East Estate,5A
East Estate,6
East Estate,7
Eastleigh,1
Eastleigh,2
Eastwood Estate,1
Eastwood Estate,2
Eastwood Estate,3
Ecoville Estate,1
Eden Gardens Estate,10
Eden Gardens Estate,12
Eden Gardens Estate,3
Eden Gardens Estate,9
Eden Rise,1
Edgebrook Estate,1
Edgebrook Estate,10
Edgebrook Estate,14
Edgebrook Estate,14A
Edgebrook Estate,15
Edgebrook Estate,15A
Edgebrook Estate,2
Edgebrook Estate,3
Edgebrook Estate,4
Edgebrook Estate,5
Edgebrook Estate,6
Edgebrook Estate,7
Edgebrook Estate,8
Edgebrook Estate,9
Edgeleigh Estate,1
Elana Place Estate,1
Elana Place Estate,2
Elements Estate,10
Elements Estate,11
Elements Estate,12
Elements Estate,13
Elements Estate,14
Elements Estate,16
Elements Estate,17
Elements Estate,18
Elements Estate,19
Elements Estate,20
Elements Estate,21
Elements Estate,22
Elements Estate,24
Elements Estate,25
Elements Estate,27
Elements Estate,4
Elements Estate,5
Elements Estate,6
Elements Estate,8
Elinya Estate,1
Elinya Estate,2
Elinya Estate,3
Elinya Estate,4
Elisha Court,1
Elisha court,10
Eliston Estate,10
Eliston Estate,11
Eliston Estate,12
Eliston Estate,13
Eliston Estate,15
Eliston Estate,16
Eliston Estate,17
Eliston Estate,18
Eliston Estate,19
Eliston Estate,20
Eliston Estate,21
Eliston Estate,23
Eliston Estate,24
Eliston Estate,24B
Eliston Estate,25
Eliston Estate,26
Eliston Estate,29
Eliston Estate,31
Eliston Estate,6
Eliston Estate,7
Ellarook Estate,1
Ellarook Estate,10
Ellarook Estate,11
Ellarook Estate,12
Ellarook Estate,2
Ellarook Estate,3
Ellarook Estate,4
Ellarook Estate,5
Ellarook Estate,6
Ellarook Estate,7
Ellarook Estate,8
Ellarook Estate,9
Ellerton Estate,1
Ellerton Estate,2
Ellerton Estate,3
Ellerton Estate,4
Ellerton Estate,5
Ellery Estate,10
Ellery Estate,11
Ellery Estate,14
Ellery Estate,15
Ellery Estate,17
Ellery Estate,7
Ellery Estate,8
Ellery Estate,9
Elysium,1
Elysium,Alpha A
Elysium,Alpha B
Elyssia Estate,1
Elyssia Estate,2
Elyssia Estate,3
Elyssia Estate,4
Emberwood,1
Emberwood,10
Emberwood,11
Emberwood,3
Emberwood,4
Emberwood,5
Emberwood,6
Emberwood,7
Emberwood,7b
Emberwood,8
Emberwood,9
Emerald Estate,1
Emerald Park Estate,1
Emerald Park Estate,10
Emerald Park Estate,11
Emerald Park Estate,12
Emerald Park Estate,13
Emerald Park Estate,14
Emerald Park Estate,15
Emerald Park Estate,16
Emerald Park Estate,17
Emerald Park Estate,18
Emerald Park Estate,19
Emerald Park Estate,2
Emerald Park Estate,20
Emerald Park Estate,21
Emerald Park Estate,23
Emerald Park Estate,24
Emerald Park Estate,25
Emerald Park Estate,29
Emerald Park Estate,3
Emerald Park Estate,30
Emerald Park Estate,31
Emerald Park Estate,33
Emerald Park Estate,34
Emerald Park Estate,4
Emerald Park Estate,5
Emerald Park Estate,5A
Emerald Park Estate,6
Emerald Park Estate,7
Emerald Park Estate,8
Emerald Park Estate,9
Emerald Waters,6
Emerlad Estate Elliminyt,1
Emerlad Estate Elliminyt,2
Emerlad Estate Elliminyt,3
Emerton Estate,2
Eminence Estate,2
Eminence Estate,3
Empire Estate,1
Empire Estate,2
Emu Springs,1
Emu Springs,2
Emu Springs,3
Enchanted Estate,10
Epping Views Estate,2
Epping Views Estate,3
Epping Views Estate,4
Essence - Bacchus Marsh,6
Essence - Officer,1
Essence - Officer,2
Estuary,15
Estuary,16
Estuary,16C
Estuary,17AW
Estuary,17B
Estuary,17P
Estuary,18
Estuary,19
Estuary,20
Estuary,20B
Eucalypt Estate,24
Eucalypt Estate,29
Eucalypt Estate,30
Eucalypt Estate,34
Eucalypt Estate,35
Evans on Vine,1
Evans on Vine,2
Evans on Vine,3
Evans on Vine,4
Evergreen Estate,1
Evergreen Estate,10
Evergreen Estate,13
Evergreen Estate,16
Evergreen Estate,17
Evergreen Estate,18
Evergreen Estate,19
Evergreen Estate,2
Evergreen Estate,20
Evergreen Estate,21
Evergreen Estate,22
Evergreen Estate,23
Evergreen Estate,24
Evergreen Estate,25
Evergreen Estate,26
Evergreen Estate,27
Evergreen Estate,28
Evergreen Estate,29
Evergreen Estate,3
Evergreen Estate,5
Evergreen Estate,6
Evergreen Estate,7
Evergreen Estate,8
Evergreen Estate,9
Everley,1
Everley,2
Everley,3
Everley,4
Everley,5
Everley,6
Everley,7
Everley,9
Evermore,2
Everton,1
Everton,2
Everton,3
Exford Waters Estate,10
Exford Waters Estate,11
Exford Waters Estate,12
Exford Waters Estate,17
Exford Waters Estate,18
Exford Waters Estate,1A
Exford Waters Estate,2
Exford Waters Estate,24
Exford Waters Estate,25
Exford Waters Estate,3
Exford Waters Estate,4
Exford Waters Estate,5
Exford Waters Estate,50
Exford Waters Estate,6
Exford Waters Estate,7
Exford Waters Estate,8
Exford Waters Estate,9
Eynesbury Estate,10
Eynesbury Estate,11A2
Eynesbury Estate,11A3
Eynesbury Estate,11A4
Eynesbury Estate,11A5
Eynesbury Estate,11A6
Eynesbury Estate,15A
Eynesbury Estate,15B
Eynesbury Estate,18A
Eynesbury Estate,18D
Eynesbury Estate,23D
Eynesbury Estate,4A1
Eynesbury Estate,4A2
Eynesbury Estate,4A3
Eynesbury Estate,5
Eynesbury Estate,5C
Eynesbury Estate,6A
Eynesbury Estate,6B
Eynesbury Estate,6C
Eynesbury Estate,6D
Eynesbury Estate,6E
Eynesbury Estate,6F
Eynesbury Estate,8A
Eynesbury Estate,8B
Eynesbury Estate,8C
Fairview,3
Fairway Crt,1
Featherbrook Estate,21
Featherbrook Estate,25
Featherbrook Estate,26
Featherbrook Estate,27A
Featherbrook Estate,27B
Featherbrook Estate,29
Featherbrook Estate,30
Featherbrook Estate,30A
Featherbrook Estate,6
Featherbrook Estate,7B
Featherton Rise Estate,10
Featherton Rise Estate,6
Featherton Rise Estate,7
Featherton Rise Estate,8
Fellow Estate,1
Fernlea,1
Fernlea,2
Ferntree Ridge,10
Ferntree Ridge,10A
Ferntree Ridge,11
Ferntree Ridge,12
Ferntree Ridge,2
Ferntree Ridge,4
Ferntree Ridge,5
Ferntree Ridge,6
Ferntree Ridge,7
Ferntree Ridge,8
Ferntree Ridge,9
Findonview Estate,1
Findonview Estate,2
Five Farms Estate,10
Five Farms Estate,11
Five Farms Estate,2
Five Farms Estate,21
Five Farms Estate,22
Five Farms Estate,23
Five Farms Estate,24
Five Farms Estate,25
Five Farms Estate,26
Five Farms Estate,28
Five Farms Estate,29
Five Farms Estate,3
Five Farms Estate,30
Five Farms Estate,6
Five Farms Estate,7
Five Farms Estate,8
Five Farms Estate,9
Flinders Park Estate,1A
Flinders Park Estate,1B
Flinders Park Estate,2
Flinders View Drysdale,1
Flinders Walk,1
Flinders Walk,2
Flockhard St,1
Florian Estate,1
Florian Estate,2
Florian Estate,3
Florian Estate,4
Florian Estate,5
Florian Estate,6
Florian Estate,7
Florian Estate,8
Floriana,1
Floriana,2
Forrest Green,1
Forrest Green,2
Forrest Green,2A
Forrest Green - The Precinct,1
Forrest Green - The Precinct,2
Franklin North,1W
Franklin North,9
Franklin Place,4
GEM Estate,1
GEM Estate,2
GEM Estate,3
GEM Estate,4
Galway Gold,1
Galway Gold,2
Galway View Estate,1
Galway View Estate,2
Gardenia Estate,1
Gardenia Estate,2
Gardenia Estate,3
Gardenia Estate,4
Gateway Estate,1
Gateway Estate,15
Gateway Estate,16
Gateway Estate,17
Gateway Estate,18
Gateway Estate,2
Gateway Estate,3
Gateway Estate,5
Gateway Estate,6
Gateway Estate,8
Gen Fyansford,3
Gen Fyansford,3.2
Gen Fyansford,3.3
Gen Fyansford,8B
Girvan Place,
Glenlee,1
Glenlee,10
Glenlee,11
Glenlee,12
Glenlee,13
Glenlee,14
Glenlee,2
Glenlee,3
Glenlee,4
Glenlee,5
Glenlee,6
Glenlee,7
Glenlee,8
Glenlee,9
Glenmore,1
Glenmore,2
Glenmore,3
Glenn Crest Estate,1
Glenn Crest Estate,2
Glenn Crest Estate,3
Golden Meadows Estate,3
Golden Rise,1
Golden Win,1
Goldenvue,1
Grace Estate,1
Grace Estate,10
Grace Estate,11
Grace Estate,2
Grace Estate,3
Grace Estate,4
Grace Estate,5
Grace Estate,6
Grace Estate,7
Grace Estate,8
Grand Central Estate,1
Grand Central Estate,10
Grand Central Estate,11
Grand Central Estate,12
Grand Central Estate,13
Grand Central Estate,14
Grand Central Estate,15
Grand Central Estate,16
Grand Central Estate,17
Grand Central Estate,18
Grand Central Estate,1C
Grand Central Estate,2
Grand Central Estate,3
Grand Central Estate,4
Grand Central Estate,5A
Grand Central Estate,6A
Grand Central Estate,7
Grand Central Estate,8
Grand Central Estate,9
Grand Vue,2
Grand Vue,3
Grandview Estate,1
Grandview Estate,10
Grandview Estate,11
Grandview Estate,12
Grandview Estate,13
Grandview Estate,14
Grandview Estate,15
Grandview Estate,16
Grandview Estate,17
Grandview Estate,18
Grandview Estate,19
Grandview Estate,2
Grandview Estate,20
Grandview Estate,21
Grandview Estate,22
Grandview Estate,23
Grandview Estate,25
Grandview Estate,3A
Grandview Estate,3B
Grandview Estate,3C
Grandview Estate,4A
Grandview Estate,4B
Grandview Estate,4C
Grandview Estate,6
Grandview Estate,7
Grandview Estate,8
Grandview Estate,9
Grandvue Estate,1
Grandvue Estate,11
Grandvue Estate,12
Grandvue Estate,13
Grandvue Estate,14
Grandvue Estate,2
Grandvue Estate,3
Grandvue Estate,6
Grandvue Estate,8
Grandvue Estate,9
Grandvue Estate,9A
Grange Estate,1A
Grange Estate,1B
Grange Estate,2A
Grange Estate,2B
Grange Estate,3A
Grange Estate,3B
Grange Estate,Saddlebred
Grass Tree Valley Estate,1
Gravenall,1
Green Valley,1
Green Valley,2
Green Village,1
Greenvale Central Estate,1
Greenvale Central Estate,2
Greenvale Gardens Estate,14
Greenvale Lakes Estate,15
Greenview Estate,1
Greenwich - Botanic,1
Greenwich - Botanic,2
Greenwich - Cranbourne East,1
Greenwich - Cranbourne East,2
Greenwich - Cranbourne East,3
Greenwood,1
Greenwood,3
Greenwood,8
Grow Estate,2
Grow Estate,3
Grow Estate,4
Grow Estate,5
Gumtree Estate,1
Habitat Estate - Cranbourne East,1
Habitat Estate - Tarneit,10
Habitat Estate - Tarneit,11
Habitat Estate - Tarneit,12
Habitat Estate - Tarneit,13
Habitat Estate - Tarneit,14
Habitat Estate - Tarneit,16
Habitat Estate - Tarneit,17
Habitat Estate - Tarneit,18
Habitat Estate - Tarneit,19
Habitat Estate - Tarneit,2
Habitat Estate - Tarneit,20
Habitat Estate - Tarneit,4
Habitat Estate - Tarneit,5
Habitat Estate - Tarneit,6
Habitat Estate - Tarneit,7
Habitat Estate - Tarneit,8
Habitat Estate - Tarneit,9
Hamilton Heights,1
Hamilton Rise Estate,3
Hamilton Rise Estate,4
Hamilton Rise Estate,5
Hamlet Estate,1
Hamlet Estate,2
Harcrest Estate,5
Harcrest Estate,6
Harcrest Estate,9
Harli,1
Harli,3
Harli,4
Harlow,1
Harlow,2
Harlow,3
Harlow,4
Harlow,6
Harmony,1
Harmony,2
Harmony,3
Harmony,4
Harmony,6
Harpley Estate,1
Harpley Estate,10
Harpley Estate,102
Harpley Estate,103
Harpley Estate,11
Harpley Estate,14
Harpley Estate,16
Harpley Estate,17
Harpley Estate,18
Harpley Estate,22
Harpley Estate,24
Harpley Estate,26
Harpley Estate,29
Harpley Estate,31
Harpley Estate,32
Harpley Estate,33
Harpley Estate,42
Harpley Estate,51
Harpley Estate,52
Harpley Estate,53
Harpley Estate,54
Harpley Estate,61A
Harpley Estate,62
Harpley Estate,63
Harpley Estate,64
Harpley Estate,65
Harpley Estate,66
Harpley Estate,67
Harpley Estate,68
Harpley Estate,69
Harpley Estate,7
Harpley Estate,70
Harpley Estate,71
Harpley Estate,72
Harpley Estate,73
Harpley Estate,74
Harpley Estate,75
Harpley Estate,76
Harpley Estate,77
Harpley Estate,81
Harpley Estate,82
Harpley Estate,83
Harpley Estate,84
Harriot,1
Harriot,11
Harriot,12
Harriot,2
Harriot,3
Harriot,4
Harriot,4A
Harriot,4B
Harriot,5
Harriot,6
Harriot,7
Harriot,8
Harriot,8B
Hartleigh Estate,1
Hartleigh Estate,11
Hartleigh Estate,12
Hartleigh Estate,13
Hartleigh Estate,14
Hartleigh Estate,15
Hartleigh Estate,16
Hartleigh Estate,17
Hartleigh Estate,18
Hartleigh Estate,2
Hartleigh Estate,3
Hartleigh Estate,4
Hartleigh Estate,5
Hartleigh Estate,6
Hartleigh Estate,7
Hartleigh Estate,8
Hartleigh Estate,9
Harvest Home Estate,1
Haven - Tarneit Estate,4
Haven - Tarneit Estate,5
Haven - Tarneit Estate,6
Haven - Tarneit Estate,7
Haven - Wollert Estate,1
Haven - Wollert Estate,2
Haven - Wollert Estate,3
Haven - Wollert Estate,4
Haven - Wollert Estate,5
Haymont Estate,1
Haymont Estate,2
Haymont Estate,3
Haymont Estate,4
Haymont Estate,5
Haymont Estate,6
Haymont Estate,7
Hayston Views Estate,1
Hazelcroft Estate,2
Hazelcroft Estate,5
Heartford Estate,1
Heartford Estate,2
Heartford Estate,3
Heartford Estate,4
Heartford Estate,5
Heartford Estate East Village,1
Heartland,1
Heartland,2
Heartland,3
Heartlands Estate,13
Heartlands Estate,16
Heartlands Estate,17
Heartlands Estate,17B
Heartlands Estate,19
Heartlands Estate,19b
Heartlands Estate,25
Heartlands Estate,27
Heartlands Estate,28
Heartlands Estate,29
Heathfield Estate - Fraser Rise,1
Heathfield Estate - Fraser Rise,1B
Heathfield Estate - Fraser Rise,2
Heathfield Estate - Fraser Rise,3
Heathfield Estate - Officer,1
Heathfield Estate - Officer,4
Heathmont,1
Heming On Pound,1
Heritage,1
Heritage,2
Heritage,3
Heritage Mews Estate,1
Heritage Mews Estate,3
Heritage Mews Estate,4
Heritage Place,2
Heritage Place,7
Heritage Place,8
Heritage Rise,4
Heritage Rise,5
Heritage Rise,6
Heritage Views Estate,1
Heritage Views Estate,2
Hidden Valley Estate,3
Hidden Valley Estate,3D
Highfields,1
Highgate,1
Highgate,2
Highgrange Estate,4
Highgrange Estate,5
Highgrove Estate,10
Highgrove Estate,12
Highgrove Estate,14
Highgrove Estate,20
Highgrove Estate,9
Highlands Estate,170
Highlands Estate,177
Highlands Estate,204
Highlands Estate,211
Highlands Estate,216
Highlands Estate,218
Highlands Estate,221
Highlands Estate,223
Highlands Estate,224
Highlands Estate,225
Highlands Estate,228
Highlands Estate,243
Highlands Estate,244
Highlands Estate,246
Highlands Estate,253
Highlands Estate,254
Highlands Estate,255
Highlands Estate,257
Highlands Estate,261
Highlands Estate,262
Highlands Estate,280
Highlands Estate,284
Highlands Estate,286
Highlands Estate,290
Highlands Estate,302
Highlands Estate,303
Highlands Estate,304
Highlands Estate,309
Highlands Estate,310
Highlands Estate,312
Highlands Estate,314
Highlands Estate,315
Highlands Estate,317
Highlands Estate,319
Highlands Estate,320
Highlands Estate,331
Highlands Estate,332
Highlands Estate,333
Highlands Estate,334
Highlands Estate,337
Highlands Estate,341
Highlands Estate,342
Highlands Estate,343
Highlands Estate,344
Highlands Estate,345
Highlands Estate,346
Highlands Estate,347
Highlands Estate,351
Highlands Estate,353
Highlands Estate,362
Highlands Estate,363
Highlands Estate,366
Highlands Estate,404
Highlands Estate,405
Highlands Estate,406
Highlands Estate,407
Highlands Estate,408
Highlands Estate,409
Highlands Estate,410
Highlands Estate,411
Highlands Estate,412
Highlands Estate,430
Highlands Estate,431
Highlands Estate,438
Highlands Estate,451
Highlands Estate,603
Highlands Estate,701
Highlands Estate,702
Highton Ridge Estate,10C
Highton Ridge Estate,6B
Highton Ridge Estate,7
Highton Ridge Estate,7B
Highton Ridge Estate,8B
Highton Ridge Estate,9A
Highton Ridge Estate,9B
Highton Ridge-Highpoint Release Estate,9
Highview Estate,37
Highview Estate,39
Highview Estate,45
Highview Estate,49
Hillgrove Estate,1
Hillgrove Estate,10
Hillgrove Estate,11
Hillgrove Estate,12
Hillgrove Estate,13
Hillgrove Estate,14
Hillgrove Estate,2
Hillgrove Estate,3
Hillgrove Estate,4
Hillgrove Estate,5
Hillgrove Estate,6
Hillgrove Estate,7A
Hillgrove Estate,8
Hillgrove Estate,9
Hillstowe,1
Hillstowe,2
Hillstowe,3
Hillstowe,4
Hillstowe,7
Hilltop,2
Hillview Heights Estate,1
Hillview Heights Estate,21
Hillview Heights Estate,22
Hillview Heights Estate,23
Hillview South,2
Holt,1
Homelea,2
Homestead Road (Saltwater Prom),1
Horizon,1
Horizon Cove Estate,4
Hunter Park Estate,4
Hunter Park Estate,5
Infinity Estate,11
Infinity Estate,14
Ironwood,6
Iverness,1
Iverness,2
Ivy,1
Jackson's View Estate,17
Jackson's View Estate,24
Janson Views Estate,1A
Janson Views Estate,1B
Janson Views Estate,2
Jawaid,1
Jawaid,3
Jefferson Estate,1
Jennifer Court,1
Jessefield Estate,1
Jetty North,1
Jetty North,2
Jubilee Estate,10
Jubilee Estate,11
Jubilee Estate,12
Jubilee Estate,13
Jubilee Estate,14
Jubilee Estate,15
Jubilee Estate,16
Jubilee Estate,17
Jubilee Estate,18
Jubilee Estate,19
Jubilee Estate,2
Jubilee Estate,20
Jubilee Estate,21
Jubilee Estate,25
Jubilee Estate,26
Jubilee Estate,27
Jubilee Estate,28
Jubilee Estate,29
Jubilee Estate,3
Jubilee Estate,36
Jubilee Estate,4
Jubilee Estate,40
Jubilee Estate,41
Jubilee Estate,42
Jubilee Estate,43
Jubilee Estate,44
Jubilee Estate,5
Jubilee Estate,52
Jubilee Estate,56
Jubilee Estate,57
Jubilee Estate,58
Jubilee Estate,6
Jubilee Estate,68
Jubilee Estate,7
Jubilee Estate,70
Jubilee Estate,8
Jubilee Estate,9
Jubilee Estate,91
Jubilee Estate,92
Jubilee Estate Urban Square,50
Jubilee Estate Urban Square,51
Jubilee Estate Urban Square,52
Jubilee Estate Urban Square,53
Jubilee Estate Urban Square,54
Jubilee Estate Urban Square,55
KDRB,1
Kaduna Park Estate,11
Kaduna Park Estate,14
Kaduna Park Estate,15
Kaduna Park Estate,2
Kaduna Park Estate,3
Kaduna Park Estate,4
Kaduna Park Estate,5
Kaduna Park Estate,6
Kaduna Park Estate,7
Kaduna Park Estate,8
Kala Estate,1
Kala Estate,2
Kallo Estate,11
Kallo Estate,12
Kallo Estate,13
Kallo Estate,14
Kallo Estate,15
Kallo Estate,16
Kallo Estate,17
Kallo Estate,18
Kallo Estate,18B
Kallo Estate,2
Kallo Estate,3
Kallo Estate,5
Kallo Estate,6
Kallo Estate,8
Kallo Estate,9
Katalia Estate,101
Katalia Estate,102
Katalia Estate,103
Katalia Estate,104
Katalia Estate,105
Katalia Estate,106
Katalia Estate,107
Katalia Estate,108
Katalia Estate,201
Katalia Estate,202
Katalia Estate,203
Katalia Estate,204
Katalia Estate,205
Katalia Estate,206
Katalia Estate,207
Katalia Estate,209
Katalia Estate,210
Katalia Estate,211
Katalia Estate,211B
Katalia Estate,212
Katalia Estate,213
Katalia Estate,213B
Katalia Estate,214
Katalia Estate,301
Katandra Rise Estate,11
Katandra Rise Estate,13
Katandra Rise Estate,15
Katandra Rise Estate,4
Katandra Rise Estate,5
Kaylana,1
Kelly on Lithgow,1A
Kelly on Lithgow,2
Kendal Estate,1
Kensington Estate,17
Kerani Heights,1
Kerani Heights,2
Kerani Heights,4
Kerani Heights,5
Kerani Heights,6
Key West,1
Key West,2
Key West,3
Key West,4
Key West,6
Key West,7
Key West,8
Kilmore Fields Estate,1
Kimberley - Keysborough,1
Kimberley - Sunbury,1
Kimberley - Sunbury,3
Kimberley - Sunbury,4
Kimberley - Sunbury,5
Kinbrook Estate,1
Kinbrook Estate,11
Kinbrook Estate,16
Kinbrook Estate,17
Kinbrook Estate,18
Kinbrook Estate,19
Kinbrook Estate,2
Kinbrook Estate,20
Kinbrook Estate,21
Kinbrook Estate,22
Kinbrook Estate,24
Kinbrook Estate,25
Kinbrook Estate,26
Kinbrook Estate,30
Kinbrook Estate,31
Kinbrook Estate,32
Kinbrook Estate,5
Kinbrook Estate,6
Kinbrook Estate,7
Kinbrook Estate,8
Kingbird Estate,1
Kingbird Estate,13
Kingbird Estate,14
Kingbird Estate,15
Kingbird Estate,2
Kingbird Estate,3
Kings Leigh Estate,10
Kings Leigh Estate,11
Kings Leigh Estate,12
Kings Leigh Estate,13
Kings Leigh Estate,14
Kings Leigh Estate,3
Kings Leigh Estate,4
Kings Leigh Estate,5
Kings Leigh Estate,6
Kings Leigh Estate,9
Kingsfield,1
Kingsfield,12
Kingsfield,13
Kingsfield,14
Kingsfield,15
Kingsfield,16
Kingsfield,17
Kingsfield,18
Kingsfield,19
Kingsfield,2
Kingsfield,20
Kingsfield,21
Kingsfield,22
Kingsfield,3
Kingsfield,4
Kingsfield,5
Kingsfield,7
Kingsfield,8
Kingsfield,9
Kingsley Place Estate,1
Kingston Estate,31
Kingston Estate,33
Kingston Estate,4
Kingston Estate,5
Kingston Estate,6
Kinley Estate,1
Kinley Estate,2
Kinley Estate,3
Kinley Estate,4
Kinship,1
Kirkwood,1
Kirkwood,2
Lakeland Estate,2
Lakeland Estate,3
Lakeland Estate,4
Lakeland Estate,5
Lakeland Estate,EB11
Lakeland Estate,EB12
Lakeland Estate,EB13
Lakeland Estate,EB14
Lakeland Estate,EB15
Lakeside,1
Lakeside,2
Lakeside Estate,1
Langley Park,3
Langley Park,4
Langley Park,5
Lantix,2
Lara Lakes,1
Lara Lakes,10
Lara Lakes,11
Lara Lakes,2
Lara Lakes,3
Lara Lakes,4
Lara Lakes,5
Lara Lakes,6
Lara Lakes,7
Lara Lakes,8
Lara Views Estate,7
Laurier,1
Laurier,2
Lavender Estate,1
Lavender Estate,2
Lavender Estate,3
Lavender Estate,4
Lavender Estate,5
Lavender Estate,6
Lavender Estate,7
Lavender Estate,8
Lavinia Estate,2
Layaland Estate,1
Leafwood,1
Leafy,1
Leopold Estate,1
Leopold Green Estate,1
Lera Estate,10
Liberty Park,2
Life Estate,1
Life Estate,10
Life Estate,11
Life Estate,12
Life Estate,13
Life Estate,15A
Life Estate,15B
Life Estate,16
Life Estate,2
Life Estate,3
Life Estate,4
Life Estate,5
Life Estate,6
Life Estate,9
Lilium Estate,10
Lilium Estate,10A
Lilium Estate,11
Lilium Estate,2
Lilium Estate,3
Lilium Estate,4
Lilium Estate,5
Lilium Estate,6
Lilium Estate,7
Lilium Estate,8
Lilium Estate,9
Lillifield,1
Lillifield,2
Lillifield,3
Lilydale Estate,3
Little Creek Estate,1
Little Green Estate,1
Little Green Estate,3
Little Green Estate,4
Little Green Estate,5
Little Green Estate,6
Little Green Estate,7
Little Hampton,1
Little Hampton,2
Little Hampton,4
Little Springs,1
Little Springs,1a
Little Springs,2
Little Springs,3
Little Springs,4
Little Springs,5
Little Springs,6
Little Springs,8
Lochaven Estate,10
Lochaven Estate,2
Lochaven Estate,7
Loom Estate,1
Loom Estate,2
Loom Estate,3
Loom Estate,4
Lord Place Estate,1
Lot 2 No. 60 Longley St,1
Lot 237 Woodcutters Way,
Lot 27 No. 12 Indra Street,1
Lot 54 No. 11 Castle Court,1
Lucas Central,3A
Lucas Central,3F
Lucas Central,3GB
Lucas Central,3H
Lucas Dawn Estate,D1
Lucas Estate,C4
Lucas Gibson,4E
Lucas Grange Estate,1B
Lucas Grange Estate,1F
Lucas Grange Estate,1G
Lucas Grange Estate,1J
Lucas Grange Estate,2A
Lucas Grange Estate,2B
Lucas Grange Estate,2C
Lucas Grange Estate,2E
Lucas Grange Estate,2G
Lucas Grange Estate,4C
Lucas Grange Estate,4D
Lucas Grange Estate,4F
Lucas Grange Estate,4G
Lucas Grange Estate (Butler Street Stage),13
Lucas Landing Estate,B5
Lucas Landing Estate,E3
Lucas Metro Estate,Z2
Lucas Parkside,3GB
Lucas Platinum,F3B
Lucas Platinum,F5
Lucas Platinum,M1
Lucas Platinum,M2
Lucas Platinum,M3
Lucas Platinum,X9
Lucas Rise Estate,C1
Lucas Rise Estate,C2
Lucas Rise Estate,C3
Lucas Rise Estate,E1
Lucas Rise Estate,E2
Lucas Rise Estate,F1
Lucas Rise Estate,F2
Lucas Rise Estate,F3
Lucas Rise Estate,G1
Lucas Rise Estate,G2
Lucas Rise Estate,G3
Lucas Rise Estate,G4
Lucas Rise Estate,H4
Lucas Rise Estate,X12
Lucas Sanctuary,H1
Lucas Sanctuary,H2
Lucas Sanctuary,H3
Lucas Sanctuary,H4
Lucas Sanctuary,J1
Lucas Sanctuary,J2
Lucas Sanctuary,K1
Lucas Sanctuary,K2
Lucas Sanctuary,K3
Lucas Sanctuary,L1
Lucas Sanctuary,L2
Lucas Sanctuary,L3
Lucas Sanctuary,L4
Lucio,1
Lyall Park Estate,1
Lynbrook Estate,28
Lyndale,1
Lyndarum North,10
Lyndarum North,12
Lyndarum North,16
Lyndarum North,17
Lyndarum North,18
Lyndarum North,19
Lyndarum North,20
Lyndarum North,7
Lyndarum North,8
Lyndarum North,9
Lyra,1
Lyra,2
Lyra,3
Lyra,4
Lyra,5
Lyra,6
Lyra,7
Lyra,8
M Estate,1
Madison Hill,1
Mail Run Estate,4
Mail Run Estate,7
Majesty,1
Majesty,2
Majesty,3
Majesty,4
Mambourin Estate,1
Mambourin Estate,10
Mambourin Estate,11
Mambourin Estate,12
Mambourin Estate,15
Mambourin Estate,16
Mambourin Estate,17
Mambourin Estate,18
Mambourin Estate,19
Mambourin Estate,2
Mambourin Estate,20
Mambourin Estate,21
Mambourin Estate,22
Mambourin Estate,23
Mambourin Estate,27
Mambourin Estate,3
Mambourin Estate,34B
Mambourin Estate,4
Mambourin Estate,41
Mambourin Estate,5
Mambourin Estate,6
Mambourin Estate,7
Mambourin Estate,8
Mambourin Estate,9
Mambourin Green,1
Mambourin Green,2
Mambourin Green,3
Mambourin Green,4
Mambourin Green,5
Mambourin Green,6
Mandalay Estate,18A
Mandalay Estate,21
Mandalay Estate,23A
Mandalay Estate,25
Mandalay Estate,28
Mandalay Estate,29
Mandalay Estate,30
Mandalay Estate,31
Mandalay Estate,32
Mandalay Estate,33
Mandalay Estate,34
Mandalay Estate,35
Mandalay Estate,36
Mandalay Estate,37
Mandalay Estate,38
Mandalay Estate,38B
Mandalay Estate,39
Mandalay Estate,40
Mandalay Estate,41
Mandalay Estate,42
Mandalay Estate,43
Mandalay Estate,44
Mandalay Estate,45
Mandalay Estate,46A
Mandalay Estate,47A
Mandalay Estate,48
Mandalay Estate,49
Mandalay Estate,50
Mandalay Estate,51
Mandalay Estate,52
Mandalay Estate,53
Mandalay Estate,54
Mandalay Estate,55
Mandalay Estate,56
Mandalay Estate,63
Mandalay Estate,64
Mandalay Estate,65
Mandalay Estate,66
Mandalay Estate,67
Manhatten Place,1
Mannagum View,1
Mannagum View,2
Manor Lakes - Lollipop Hill Estate,135
Manor Lakes - Lollipop Hill Estate,136
Manor Lakes - Lollipop Hill Estate,138
Manor Lakes - Lollipop Hill Estate,140
Manor Lakes - Lollipop Hill Estate,144
Manor Lakes - Lollipop Hill Estate,149
Manor Lakes - Lollipop Hill Estate,162
Manor Lakes - Lollipop Hill Estate,166
Manor Lakes - Lollipop Hill Estate,168
Manor Lakes - Lollipop Hill Estate,169
Manor Lakes - Lollipop Hill Estate,170
Manor Lakes - Lollipop Hill Estate,171
Manor Lakes - Lollipop Hill Estate,172
Manor Lakes - Lollipop Hill Estate,173
Manor Lakes - Lollipop Hill Estate,174
Manor Lakes - Lollipop Hill Estate,175
Manor Lakes - Lollipop Hill Estate,176
Manor Lakes - Lollipop Hill Estate,177
Manor Lakes - Lollipop Hill Estate,178
Manor Lakes - Lollipop Hill Estate,179
Manor Lakes - The Village,190
Manor Lakes - The Village,191
Manor Lakes - The Village,194
Manor Lakes - The Village,195
Manor Lakes - The Village,196
Manor Lakes - The Village,197
Manor Lakes - The Village,198
Manor Lakes - The Village,199
Manor Lakes - The Village,201
Manor Lakes - The Village,202
Manor Lakes - The Village,203
Manor Lakes - The Village,204
Manor Lakes - The Village,205
Manor Lakes Estate - Lakeside,134
Manor Lakes Estate - Lakeside,167
Manor Lakes Estate - Lakeside,170
Manor Lakes Estate - Lakeside,173
Manor Lakes Estate - Lakeside,176
Manor Lakes Estate - Lakeside,178
Manor Lakes Estate - Lakeside,190
Manor Lakes Estate - Lakeside,197
Manor Lakes Estate - Lakeside,198
Manor Lakes Estate - Lakeside,199
Manor Lakes Estate - Lakeside,43
Manor Lakes Estate - Lakeside,46
Manor Lakes Estate - Lakeside,47B
Manor Lakes Estate - Lakeside,49
Manor Lakes Estate - Lakeside,50
Manor Lakes Estate - Lakeside,51
Manor Lakes Estate - Lakeside,53
Manor Lakes Estate - Lakeside,62
Manor Lakes Estate - Lakeside,63
Manzeene Village Estate,1
Manzeene Village Estate,11
Manzeene Village Estate,12
Manzeene Village Estate,2
Manzeene Village Estate,3
Manzeene Village Estate,4
Manzeene Village Estate,5
Manzeene Village Estate,6
Manzeene Village Estate,7
Manzeene Village Estate,8
Manzeene Village Estate,9B
Maple Grove,1
Maple Grove,2
Maple Grove,3
Maple Grove,4
Maple Grove,5
Maple Grove,6
Maple Grove,8
Maple Lane,1
Maple Lane Rise,1
Maplestone,1
Maplestone,10
Maplestone,12
Maplestone,2
Maplestone,3
Maplestone,4
Maplestone,5
Maplestone,6
Maplestone,7
Maplestone,9
Maplewood,10
Maplewood,11
Maplewood,12
Maplewood,4
Maplewood,6
Maplewood,7
Maplewood,8
Maplewood,9
Marigold Estate,1
Marigold Estate,10
Marigold Estate,11A
Marigold Estate,12
Marigold Estate,2
Marigold Estate,3
Marigold Estate,4
Marigold Estate,4A
Marigold Estate,5
Marigold Estate,6
Marigold Estate,7
Marigold Estate,8
Marigold Estate,9
Marran Run,1
Marran Run,2
Marriot Waters,34
Marshal Place,1
Martin Place Estate,1
Masall Estate,3
Masall Estate,4
Mason Quarter Estate,1
Mason Quarter Estate,11
Mason Quarter Estate,12
Mason Quarter Estate,13
Mason Quarter Estate,14
Mason Quarter Estate,2
Mason Quarter Estate,4B
Mason Quarter Estate,5
Mason Quarter Estate,6
Mason Quarter Estate,6B
Matilda,1B
Matilda,2
Matilda,3
Matilda,3A
Matilda,4
Mattana,1
Mattana,2
Mattana,4
Mayfair Park,1
Mayfield,1
Mayfield,2
Mayfield Estate,11
Mayfield Estate,12
Mayfield Estate,13
Mayfield Estate,14
Mayfield Estate,9
Melrose Terrace,1
Meridian Estate,10
Meridian Estate,11
Meridian Estate,13
Meridian Estate,14
Meridian Estate,15
Meridian Estate,16
Meridian Estate,17
Meridian Estate,20
Meridian Estate,21
Meridian Estate,23
Meridian Estate,25
Meridian Estate,27
Meridian Estate,28
Meridian Estate,30
Meridian Estate,31
Meridian Estate,34
Meridian Estate,35
Meridian Estate,36
Meridian Estate,37
Meridian Estate,38
Meridian Estate,4
Meridian Estate,42
Meridian Estate,43
Meridian Estate,45
Meridian Estate,46
Meridian Estate,47
Meridian Estate,48
Meridian Estate,49
Meridian Estate,50B
Meridian Estate,51
Meridian Estate,53
Meridian Estate,54A
Meridian Estate,55A
Meridian Estate,56
Meridian Estate,58
Meridian Estate,6
Meridian Estate,7
Meridian Estate,8
Meridian Estate,9B
Meridian Estate,9C
Merindah Estate,1
Merindah Estate,2
Merindah Estate,3
Mernda On The Park Estate,3
Mernda On The Park Estate,4
Mernda On The Park Estate,5
Mernda On The Park Estate,6
Mernda On The Park Estate,7
Mernda Villages Estate,48
Mernda Villages Estate,55
Mernda Villages Estate,56
Mernda Villages Estate,57
Mernda Villages Estate,64
Mernda Villages Estate,69
Mernda Villages Estate,71
Mernda Villages Estate,72
Mernda Villages Estate,73
Mernda Villages Estate,74
Merrifield Estate,1 - Atkin
Merrifield Estate,10
Merrifield Estate,11
Merrifield Estate,2 - Atkin
Merrifield Estate,20
Merrifield Estate,21
Merrifield Estate,22
Merrifield Estate,27
Merrifield Estate,29
Merrifield Estate,3
Merrifield Estate,3 - Atkin
Merrifield Estate,30
Merrifield Estate,31
Merrifield Estate,34
Merrifield Estate,35
Merrifield Estate,36
Merrifield Estate,37
Merrifield Estate,38
Merrifield Estate,39
Merrifield Estate,4
Merrifield Estate,40
Merrifield Estate,41
Merrifield Estate,42
Merrifield Estate,43
Merrifield Estate,44
Merrifield Estate,45
Merrifield Estate,46
Merrifield Estate,47
Merrifield Estate,48
Merrifield Estate,49
Merrifield Estate,50
Merrifield Estate,52
Merrifield Estate,53
Merrifield Estate,54
Merrifield Estate,55
Merrifield Estate,57
Merrifield Estate,6
Merrifield Estate,65
Merrifield Estate,66
Merrifield Estate,67
Merrifield Estate,68
Merrifield Estate,69
Merrifield Estate,7
Merrifield Estate,7 - Atkin
Merrifield Estate,79
Merrifield Estate,8
Merrifield Estate - Aitkin Release,11
Merrifield Estate - Aitkin Release,7
Michaels Place Estate,1
Millstone Estate,1
Millstone Estate,2
Millstone Estate,3
Millstone Estate,4
Millstone Estate,5
Millstone Estate,6
Millstone Estate,7A
Millstone Estate,7B
Minta Estate,1
Minta Estate,15
Minta Estate,17
Minta Estate,18
Minta Estate,18A
Minta Estate,19
Minta Estate,2
Minta Estate,20
Minta Estate,21
Minta Estate,22
Minta Estate,23
Minta Estate,24
Minta Estate,25
Minta Estate,26
Minta Estate,27
Minta Estate,28
Minta Estate,29
Minta Estate,3
Minta Estate,5
Minta Estate,5B
Minta Estate,6
Minta Estate,6A
Minta Estate,7
Minta Estate,8
Minta Estate,9
Minta Estate,9B
Minton Place Estate,1
Minton Place Estate,3
Mirage Park,1
Mitchell Grove Estate,1
Mitchell Grove Estate,11
Mitchell Grove Estate,12
Mitchell Grove Estate,13
Mitchell Grove Estate,14
Mitchell Grove Estate,8
Modeina Estate,12
Modeina Estate,17
Modeina Estate,18
Modeina Estate,19
Modeina Estate,22
Modeina Estate,24
Modeina Estate,27
Modeina Estate,29
Modeina Estate,32
Modeina Estate,33
Modeina Estate,34
Monarch,1
Monarch,2
Monarch,3
Monarch,4
Monash Views Estate,6
Monash Views Estate,7
Montana,1
Montana,2
Montview Estate,1
Monument Estate,1
Monument Estate,10
Monument Estate,11
Monument Estate,12
Monument Estate,13
Monument Estate,14
Monument Estate,16
Monument Estate,2
Monument Estate,3
Monument Estate,4
Monument Estate,5
Monument Estate,7
Monument Estate,8
Monument Estate,9
Moonstone,1
Mount Aliza,1
Mount Aliza,2
Mount Atkinsons,1
Mount Atkinsons,10
Mount Atkinsons,12
Mount Atkinsons,13
Mount Atkinsons,14
Mount Atkinsons,15
Mount Atkinsons,15B
Mount Atkinsons,16
Mount Atkinsons,17
Mount Atkinsons,18
Mount Atkinsons,19
Mount Atkinsons,2
Mount Atkinsons,21
Mount Atkinsons,22
Mount Atkinsons,23
Mount Atkinsons,24
Mount Atkinsons,25
Mount Atkinsons,26
Mount Atkinsons,27
Mount Atkinsons,28
Mount Atkinsons,3
Mount Atkinsons,301
Mount Atkinsons,302
Mount Atkinsons,303
Mount Atkinsons,304
Mount Atkinsons,305
Mount Atkinsons,306
Mount Atkinsons,307
Mount Atkinsons,308
Mount Atkinsons,309
Mount Atkinsons,310
Mount Atkinsons,311
Mount Atkinsons,4
Mount Atkinsons,401
Mount Atkinsons,402
Mount Atkinsons,403
Mount Atkinsons,404
Mount Atkinsons,405
Mount Atkinsons,406
Mount Atkinsons,407
Mount Atkinsons,5
Mount Atkinsons,501
Mount Atkinsons,503
Mount Atkinsons,506
Mount Atkinsons,507
Mount Atkinsons,508
Mount Atkinsons,6
Mount Atkinsons,7
Mount Holden,4
Mount Holden,6
Mount Pleasant Estate,1
Mount Pleasant Estate,2
Mount Pleasant Estate,2B
Mount Pleasant Estate,3
Mount Pleasant Estate,3B
Mount Pleasant Estate,4
Mount Pleasant Estate,5
Mount Pleasant Estate,5B
Mount Pleasant Estate,5C
Mount Pleasant Estate,5D
Mount Pleasant Estate,6A
Mount Pleasant Estate,6B
Mount Pleasant Estate - Minton Release,1
Mount Pleasant Estate - Minton Release,3
Mount Pleasant Estate - Minton Release,4
Mountain Views,1
Mystique Estate,1
Mystique Estate,2
Mystique Estate,3
Mystique Estate,4
Mystique Estate,5
Mystique Estate,6
Mystique Estate,7
Mystique Estate,8
Narracan Lakes Estate,1
Narracan Lakes Estate,2
Narracan Lakes Estate,3
Nature's Run,5
Nelson Village,1
Nelson Village,2
Nelsons Place,1
New Gardens,1
New Gardens,2
Newbridge South,4
Newbridge South,7
Newbridge South,9
Newgate Estate,10
Newgate Estate,11
Newgate Estate,12
Newgate Estate,13
Newgate Estate,15
Newgate Estate,16
Newgate Estate,17
Newgate Estate,2
Newgate Estate,3
Newgate Estate,4
Newgate Estate,6
Newgate Estate,7
Newgate Estate,8
Newgate Estate,9
Newhaven Estate,1
Newhaven Estate,10
Newhaven Estate,11
Newhaven Estate,12
Newhaven Estate,13
Newhaven Estate,14
Newhaven Estate,15
Newhaven Estate,16
Newhaven Estate,17
Newhaven Estate,18
Newhaven Estate,19
Newhaven Estate,2
Newhaven Estate,20
Newhaven Estate,21
Newhaven Estate,22
Newhaven Estate,23
Newhaven Estate,26
Newhaven Estate,28
Newhaven Estate,29
Newhaven Estate,3
Newhaven Estate,4
Newhaven Estate,5
Newhaven Estate,6
Newhaven Estate,7B
Newhaven Estate,8
Newhaven Estate,9
Newmarque Estate,1
Newmarque Estate,3
Newmarque Estate,4
Newmarque Estate,5
No Estate,
No. 8 Lot 1843 Biota Way Mambourin,18
North Quarter,1
North Quarter,2
North Quarter,3
Northgate,3
Northridge,1
Northside,1
Northside,2
Northside,3
Northside,3A
Northside,4
Oak Grove,2
Oak Grove,3
Oak Grove,4
Oak Grove,5
Oak Hill Estate,1
Oak Hill Estate,3
Oak Hill Estate,4
Oak Hill Estate,5
Oakdene Estate,10
Oakdene Estate,11A
Oakdene Estate,18
Oakdene Estate,21
Oakdene Estate,23
Oakdene Estate,7
Oakdene Estate,8
Oakdene Estate,9
Oaklands Estate,1
Oaklands Estate,3
Oaklands Estate,4
Ocean Grand,1
Oceana,1
Octave,1A
Octave,1B
Octave,2A
Octave,3
Octave,4
Octave,5
Octave,6
Octave,7
Officer Central,1
Officer Central,11
Officer Central,12
Officer Central,2
Officer Central,3
Officer Central,3A
Officer Central,4
Officer Central,5
Officer Central,6
Officer Central,7
Officer Central,8
Officer Central,9
Officer Fields,1
Officer Fields,2
Officer Fields,3
Officer Fields,4
Officer Fields,5
Officer Fields,7
Olearia,1
Olive Court,1
Olivia Estate,11
Olivia Estate,13
Olivia Estate,14
Olivia Estate,2
Olivia Estate,3
Olivia Estate,4
Olivia Estate,5
Olivia Estate,6
Olivia Estate,7
Olivia Estate,8
Olivine Estate,1
Olivine Estate,10
Olivine Estate,11
Olivine Estate,12
Olivine Estate,13
Olivine Estate,15
Olivine Estate,16
Olivine Estate,17
Olivine Estate,18
Olivine Estate,2
Olivine Estate,22
Olivine Estate,23
Olivine Estate,24
Olivine Estate,25
Olivine Estate,26
Olivine Estate,27
Olivine Estate,28
Olivine Estate,29
Olivine Estate,3
Olivine Estate,32
Olivine Estate,4
Olivine Estate,5
Olivine Estate,9
One,1
One,2
One,3
One,4
One Bells Estate,11
One Bells Estate,12
One Bells Estate,13
One Bells Estate,14
One Bells Estate,15
One Bells Estate,16
One Bells Estate,2
One Bells Estate,3
One Bells Estate,4
One Bells Estate,5
One Bells Estate,7
One Bells Estate,8
One Bells Estate,9
One Village Estate,1
One Village Estate,3
Ooranya,1
Ooranya,11
Ooranya,12
Ooranya,12 B
Ooranya,14
Ooranya,15A
Ooranya,16
Ooranya,16B
Ooranya,21
Ooranya,26a
Ooranya,3
Ooranya,4
Ooranya,4C
Ooranya,7
Ooranya,8
Ooranya,9B
Opalia,1
Opalia,2
Opalia,2A
Opalia,3
Opalia,4
Opalia,5
Opalia,6
Opalia,8
Opalia,9
Ora,1A
Ora,2
Orana,10
Orana,11
Orana,12
Orana,14
Orana,16
Orana,17
Orana,18
Orana,19
Orana,2
Orana,20
Orana,21
Orana,22
Orana,23
Orana,24
Orana,25
Orana,26
Orana,3
Orana,4
Orana,5
Orana,9
Orchard Estate,1
Orchard Estate,10
Orchard Estate,11
Orchard Estate,12
Orchard Estate,13
Orchard Estate,14
Orchard Estate,15
Orchard Estate,2
Orchard Estate,3
Orchard Estate,4
Orchard Estate,5
Orchard Estate,6
Orchard Estate,7
Orchard Estate,8
Orchard Estate,9
Orchard Green Estate,1
Orchard Green Estate,10
Orchard Green Estate,11
Orchard Green Estate,12
Orchard Green Estate,13A
Orchard Green Estate,14
Orchard Green Estate,15
Orchard Green Estate,16A
Orchard Green Estate,2
Orchard Green Estate,3
Orchard Green Estate,4
Orchard Green Estate,4B
Orchard Green Estate,5A
Orchard Green Estate,6
Orchard Green Estate,7
Orchard Green Estate,8
Orchard Green Estate,9
Orchard Rise Estate,5
Orchard Rise Estate,8
Orchard Square,1 Lot A
Orchard Square,1 Lot C
Orison,1
Ortus,1
Oskar Court,1
Pakenham Rise Estate,1
Palomino,1
Palomino,2
Panorama Estate DO NOT PACKAGE,1
Panorama Estate DO NOT PACKAGE,2
Panorama Estate DO NOT PACKAGE,3
Panorama Estate Morwell,1
Panorama Estate Morwell,2
Panorama Estate Morwell,3
Paragon Estate,4
Paragon Estate,5
Parc On Plymount,1
Park Central Estate,6
Parkbrook Estate,1
Parkbrook Estate,2
Parkbrook Estate,3
Parkbrook Estate,4
Parkbrook Estate,5
Parkbrook Estate,6
Parkbrook Estate,7
Parkbrook Estate,9
Parklane Estate,1
Parklane Estate,2
Parklane Garden,2
Parklane Garden,3
Parklane Garden,4
Parklane Garden,5
Parklane Garden,7
Parks Edge Estate,8
Parkside Berwick,1
Parkside Berwick,2
Parkside Estate,1
Parkside Estate,2
Parkside Estate,3
Parkside Estate,4
Parkview,10
Parkview,11
Parkview,8
Parkview,9
Parkview - Kilmore,1
Parkview - Lara,1
Parkview - Lara,10
Parkview - Lara,11
Parkview - Lara,12
Parkview - Lara,13
Parkview - Lara,3
Parkview - Lara,4
Parkview - Lara,6
Parkview - Lara,7
Parkview - Lara,8
Parkview - Lara,9
Pavilion Estate,1
Pavilion Estate,2
Pavilion Estate,3
Pavilion Estate,4
Pavilion Estate,5
Pavilion Estate,6
Pavilion Estate,6A
Pavilion Estate,7
Pavilion Estate,8
Pavilion Estate,8A
Pavilion Estate,9
Pearland Estate,1
Pearland Estate,3
Pearland Estate,4
Pelican Place Estate,1
Pelican Place Estate,2
Penny Royal Estate,15
Penny Royal Estate,3
Penny Royal Estate,4A
Penny Royal Estate,4B
Penny Royal Estate,5A
Penny Royal Estate,5B
Peppercorn Hill,1
Peppercorn Hill,12
Peppercorn Hill,18
Peppercorn Hill,20
Peppercorn Hill,21
Peppercorn Hill,22
Peppercorn Hill,26
Peppercorn Hill,27
Peppercorn Hill,28
Peppercorn Hill,29
Peppercorn Hill,30
Peppercorn Hill,302
Peppercorn Hill,305
Peppercorn Hill,33
Peppercorn Hill,34
Peppercorn Hill,5
Peppercorn Hill,6
Peppercorn Hill,7
Peppermint Grove Estate,6
Peppermint Grove Estate,8
Peppermint Grove Estate,9
Perch,1
Perch,2
Phalaris Park,1
Phalaris Park,11
Pinnacle Estate,1
Pinnacle Estate,10A
Pinnacle Estate,11
Pinnacle Estate,2
Pinnacle Estate,3
Pinnacle Estate,4
Pinnacle Estate,5
Pinnacle Estate,6A
Pinnacle Estate,7A
Pinnacle Estate,7B
Pinnacle Estate,8
Pinnacle Estate,9
Platform Estate,1
Platform Estate,2
Platform Estate,3
Platform Estate,4
Platform Estate,4C
Platform Estate,4D
Platform Estate,5
Platform Estate,5A
Platform Estate,6
Platform Estate,7
Platform Estate,7A
Platform Estate,9
Platinum Rise,1
Platinum Rise,2
Platinum Rise,3
Platinum Rise,4
Platinum Rise,5
Platinum Rise,8
Plenty Valley Views,1
Plenty Valley Views,2
Ploughmans Arms Estate,1
Ploughmans Arms Estate,2
Ploughmans Arms Estate,3
Ploughmans Arms Estate,4A
Ploughmans Arms Estate,4B
Ploughmans Arms Estate,5
Primrose Park,1
Prominence Estate,3
Prominence Estate,4
Prospect Views Estate,1
Prosper,2
Providence,1
Providence,2
Providence,3
Providence - Officer,1
Providence - Officer,2
Providence - Officer,3
Province  Estate,1
Province  Estate,2
Province  Estate,3
Province  Estate,4
Province  Estate,A
Quarters Estate,16
Quay Estate,11
Quay Estate,13
Quay Estate,14
Quay Estate,16
Queens Brook,1
Queens Brook,1A
Queens Brook,1B
Queens Brook,2
Queens Brook,3B
Radison,1a
Ramlegh Springs Estate,10
Ramlegh Springs Estate,11
Ramlegh Springs Estate,13
Ramlegh Springs Estate,15
Ramlegh Springs Estate,16
Ramlegh Springs Estate,17
Ramlegh Springs Estate,18
Ramlegh Springs Estate,9
Rathdowne Estate,10
Rathdowne Estate,11
Rathdowne Estate,12
Rathdowne Estate,13
Rathdowne Estate,14
Rathdowne Estate,15
Rathdowne Estate,16
Rathdowne Estate,18
Rathdowne Estate,19
Rathdowne Estate,2
Rathdowne Estate,20
Rathdowne Estate,21
Rathdowne Estate,3
Rathdowne Estate,31
Rathdowne Estate,4
Rathdowne Estate,5
Rathdowne Estate,8
Rathdowne Estate,9
Redlands Estate,1
Redlands Estate,2
Redlands Estate,3
Redstone Eastvale Estate,1
Redstone Eastvale Estate,10
Redstone Eastvale Estate,16
Redstone Eastvale Estate,2
Redstone Eastvale Estate,3
Redstone Eastvale Estate,4
Redstone Estate,10
Redstone Estate,18
Redstone Estate,21A
Redstone Estate,21B
Redstone Estate,5B
Redstone Estate,9A
Redstone Macedon Views Estate,1
Redstone Macedon Views Estate,2
Redstone Macedon Views Estate,21B
Redstone Macedon Views Estate,3
Redstone Macedon Views Estate,4
Redstone Northvale Estate,1
Redstone Northvale Estate,10
Redstone Northvale Estate,11
Redstone Northvale Estate,2
Redstone Northvale Estate,3
Redstone Northvale Estate,4
Redstone Northvale Estate,5A
Redstone Northvale Estate,5B
Redstone Northvale Estate,6
Redstone Northvale Estate,7
Redstone Northvale Estate,8
Redstone Northvale Estate,9A
Redstone Panorama Estate,1
Redstone Panorama Estate,2
Redstone Panorama Estate,3
Redstone Panorama Estate,4
Redstone The Sanctuary,6
Redstone Town Centre Estate,1
Redstone Town Centre Estate,2
Redstone Town Centre Estate,3
Redstone Town Centre Estate,4
Redstone Valleyview Estate,1
Redstone Valleyview Estate,2
Redstone Valleyview Estate,3
Redstone Valleyview Estate,4
Reeves Place,1
Regency Views Estate,1
Regent Views Estate,1
Regent Views Estate,2
Renaissance Rise,20
Renaissance Rise,22
Renaissance Rise,23
Ridgelea,10
Ridgelea,12
Ridgelea,2
Ridgelea,4
Ridgelea,5
Ridgelea,6
Ridgelea,7
Rivendell Heights  Estate,1
Rivendell Heights  Estate,2
Rivendell Heights  Estate,3
Rivendell Heights  Estate,4
Rivendell Heights  Estate,5
Rivendell Heights  Estate,6
River Garden Estate,2
River Garden Estate,3
River Garden Estate,4
River Valley,6D
River Valley,7A
River Valley,7B
River Valley,7C
Riverbank Gardens Estate,1
Riverdale Village Estate,1
Riverdale Village Estate,11
Riverdale Village Estate,12
Riverdale Village Estate,13
Riverdale Village Estate,14
Riverdale Village Estate,14B
Riverdale Village Estate,15
Riverdale Village Estate,16
Riverdale Village Estate,17
Riverdale Village Estate,18
Riverdale Village Estate,19
Riverdale Village Estate,19B
Riverdale Village Estate,20A
Riverdale Village Estate,21
Riverdale Village Estate,22
Riverdale Village Estate,23
Riverdale Village Estate,3A
Riverdale Village Estate,3B
Riverdale Village Estate,4
Riverdale Village Estate,5
Riverdale Village Estate,6
Riverdale Village Estate,7
Riverdale Village Estate,8
Riverdale Village Estate,9
Riverfield,1
Riverfield,10
Riverfield,11
Riverfield,12
Riverfield,2
Riverfield,21
Riverfield,22
Riverfield,23
Riverfield,24
Riverfield,26
Riverfield,29
Riverfield,30
Riverfield,31
Riverfield,4
Riverfield,6
Riverfield,7
Riverfield,8
Riverfield,9
Riverhills Estate,1
Riverhills Estate,2
Riverhills Estate,3
Riverhills Estate,5
Riverhills Estate,6
Riverhills Estate,7
Riverina Rise Estate,4
Riverina Rise Estate,5
Riverstone Estate,14
Riverview Winchelsea,1
Riverviews Estate,10
Riverwalk Estate,1
Riverwalk Estate,10
Riverwalk Estate,11
Riverwalk Estate,12
Riverwalk Estate,13
Riverwalk Estate,14
Riverwalk Estate,15
Riverwalk Estate,16
Riverwalk Estate,17
Riverwalk Estate,18
Riverwalk Estate,1B
Riverwalk Estate,20
Riverwalk Estate,21
Riverwalk Estate,22
Riverwalk Estate,22B
Riverwalk Estate,23A
Riverwalk Estate,23B
Riverwalk Estate,24
Riverwalk Estate,25A
Riverwalk Estate,25D
Riverwalk Estate,26
Riverwalk Estate,27A
Riverwalk Estate,28
Riverwalk Estate,29
Riverwalk Estate,30
Riverwalk Estate,31
Riverwalk Estate,32
Riverwalk Estate,33
Riverwalk Estate,34
Riverwalk Estate,35B
Riverwalk Estate,36
Riverwalk Estate,39
Riverwalk Estate,41
Riverwalk Estate,42
Riverwalk Estate,43
Riverwalk Estate,45A
Riverwalk Estate,5
Riverwalk Estate,9
Rivulet Estate,1
Rivulet Estate,2
Rivulet Estate,3
Rivulet Estate,4
Rivulet Estate,5
Rivulet Estate,6
Rivulet Estate,7
Rivulet Estate,8
Rivulet Estate,9
Robinsons Rise Estate,1A
Robinsons Rise Estate,1B
Robinsons Rise Estate,2
Rockcliffe,1
Rockdale Estate,1
Rockdale Estate,2
Rockdale Estate,3
Rosalia,1
Rosehill,1
Rosehill,2
Rosehill,4
Rosehill,7
Rosenthal Estate,1
Rosenthal Estate,11
Rosenthal Estate,13
Rosenthal Estate,14
Rosenthal Estate,15
Rosenthal Estate,16
Rosenthal Estate,17
Rosenthal Estate,26
Rosenthal Estate,32
Rosenthal Estate,34
Rosenthal Estate,9W
Rosenthal Estate,E1
Rosenthal Estate,E10
Rosenthal Estate,E3
Rosenthal Estate,E4
Rosenthal Estate,E5
Rosenthal Estate,E6
Rosenthal Estate,E7
Rosenthal Estate,E8
Rosenthal Estate,E9
Rosenthal Estate,SE1
Rosenthal Estate,SE2
Rosenthal Estate,W10
Rosenthal Estate,W11
Rosenthal Estate,W12
Rosenthal Estate,W3
Roses Estate,3
Roses Estate,4
Roses Estate,5
Roses Estate,6
Rosewood Estate,1A
Rosewood Estate,2
Rosewood Estate,3
Rosewood Estate,4
Rosewood Estate,5
Rosewood Estate,6
Rothwell Estate,1
Rothwell Estate,14
Rothwell Estate,15
Rothwell Estate,16
Rothwell Estate,17
Rothwell Estate,19
Rothwell Estate,25
Rothwell Estate,26
Rothwell Estate,28
Rothwell Estate,4
Rothwell Estate,5
Rothwell Estate,6
Rothwell Estate,9
Saffron Estate,1
Saltwater Coast Estate,15
Saltwater Coast Estate,17
Saltwater Coast Estate,20
Saltwater Coast Estate,21
Saltwater Coast Estate,22
Saltwater Coast Estate,24
Saltwater Coast Estate,28
Saltwater Coast Estate,29
Saltwater Coast Estate,29A
Saltwater Coast Estate,32
Saltwater Coast Estate,33
Saltwater Coast Estate,34A
Saltwater Coast Estate,35A
Saltwater Coast Estate,5
Saltwater Coast Estate,6
Saltwater Coast Estate,7
Samara,1
Samara,2
Sanctuary Estate,2
Sanctuary Estate,3
Sanctuary Estate,4
Sanctuary Estate,5
Sanctuary Estate,6
Sanctuary Estate,6B
Sanctuary Estate,7
Sanctuary Lakes Estate,19
Sanctuary Lakes Estate,32
Sanctuary Springs,1
Sanctuary Springs,2
Sanctuary Springs,3
Sapphire,2
Sapphire,4
Sapphire,5
Sapphire,6
Saratoga Estate,10
Saratoga Estate,11
Saratoga Estate,6
Saratoga Estate,8
Saratoga Estate,9
Savana Estate,10
Savana Estate,11
Savana Estate,11A
Savana Estate,12
Savana Estate,13
Savana Estate,14
Savana Estate,15A
Savana Estate,1A
Savana Estate,1B
Savana Estate,2
Savana Estate,3
Savana Estate,4
Savana Estate,5
Savana Estate,6
Savana Estate,7
Savana Estate,8
Savana Estate,9
Savana Estate,9B
Scenic Botanica,1
Sea Spray Estate,7
Sea Spray Estate,8
Seabreeze Estate,15
Seabreeze Estate,16
Seachange,1
Seachange,10
Seachange,11
Seachange,12
Seachange,2
Seachange,3
Seachange,4
Seachange,5
Seachange,6
Seachange,7
Seachange,8
Seachange,9
Seaside Estate,1
Seaside Estate,2
Seaside Estate,8
Seaton Estate,1
Serenity Estate,1
Serenity Estate,2
Serenity Estate,3
Serenity Estate,4
Settlers Hill Estate,10
Settlers Hill Estate,11
Settlers Hill Estate,6
Settlers Hill Estate,9
Seventh Bend Estate,1
Seventh Bend Estate,10
Seventh Bend Estate,11
Seventh Bend Estate,13
Seventh Bend Estate,14
Seventh Bend Estate,16
Seventh Bend Estate,17
Seventh Bend Estate,18
Seventh Bend Estate,19
Seventh Bend Estate,2
Seventh Bend Estate,20
Seventh Bend Estate,21
Seventh Bend Estate,3
Seventh Bend Estate,4
Seventh Bend Estate,5A
Seventh Bend Estate,5B
Seventh Bend Estate,6A
Seventh Bend Estate,6B
Seventh Bend Estate,6C
Seventh Bend Estate,6D
Seventh Bend Estate,7A
Seventh Bend Estate,7B
Seventh Bend Estate,8
Seventh Bend Estate,9
Sherwood Grange,1
Sherwood Grange,2
Sherwood Grange,3
Sherwood Grange,4
Sherwood Grange,5
Sherwood Grange,6
Sienna Estate,5
Sienna North Estate,1
Sienna North Estate,2
Sienna North Estate,3
Sienna North Estate,4
Sienna Rise Estate,1
Sienna Rise Estate,2
Sienna Rise Estate,3
Sienna Rise Estate,4
Sienna Rise Estate,5
Silk Estate,2
Silverwood Estate,1
Silverwood Estate,2
Silverwood Estate,3
Silverwood Estate,5
Silverwood Estate,6
Silverwood Estate,8
Sinclair Heights Estate,1
Sinclair Heights Estate,2
Sinclair Heights Estate,4
Skylark,1
Skylark,2
Skylark,3
Skylark,4
Skylark,5
Skyline Vista,2
Skymont,1
Skymont,2
Skymont,2B
Skymont,3
Smiths Lane,1
Smiths Lane,10
Smiths Lane,12
Smiths Lane,13
Smiths Lane,14
Smiths Lane,15
Smiths Lane,16
Smiths Lane,17
Smiths Lane,18
Smiths Lane,19
Smiths Lane,2
Smiths Lane,20
Smiths Lane,21
Smiths Lane,22
Smiths Lane,25
Smiths Lane,26
Smiths Lane,27
Smiths Lane,27B
Smiths Lane,28
Smiths Lane,29
Smiths Lane,3
Smiths Lane,30
Smiths Lane,31
Smiths Lane,32
Smiths Lane,33
Smiths Lane,34
Smiths Lane,38
Smiths Lane,39
Smiths Lane,4
Smiths Lane,40
Smiths Lane,41
Smiths Lane,42
Smiths Lane,44
Smiths Lane,5
Smiths Lane,6
Smiths Lane,7
Smiths Lane,8
Smiths Lane,9
Smiths Park,10
Smiths Park,11
Smiths Park,12
Smiths Park,13
Smiths Park,5
Smiths Park,6
Smiths Park,7
Smiths Park,8
Society,2
Society,3
Society,5
Somerdale Heights,1A (101-132)
Somerdale Heights,1A (133-145)
Somerdale Heights,5
Somerdale Heights,6
Somerdale Heights,7
Somerfield Estate,14
Somerfield Estate,32
Somerfield Estate,35
Somerfield Estate,37
Somerfield Estate,40
Somerfield Estate,41
Somerfield Estate,42
Somerfield Estate,45
Somerfield Estate,47
Somerford Estate,1
Somerford Estate,2
Somerford Estate,3
Somerley Estate,1A
Somers Estate,1
Somerset,23
Sommery Estate,1
South East Residence,1
South Siding Estate,1
South Siding Estate,2A
Sovereign Rose Estate,1
Sovereign Rose Estate,2
Sovereign Rose Estate,3
Sovereign Rose Estate,4
Soverign Estate,1
Soverign Estate,2
Spindrift Estate,1
Springlands,1
Springridge Estate,10
Springridge Estate,11
Springridge Estate,12
Springridge Estate,13
Springridge Estate,14
Springridge Estate,3
Springridge Estate,4C
Springridge Estate,4D
Springridge Estate,4E
Springridge Estate,5A
Springridge Estate,5B
Springridge Estate,5D
Springridge Estate,5E
Springridge Estate,6
Springridge Estate,7A
Springridge Estate,7B
Springridge Estate,8A
Springridge Estate,8B
Springridge Estate,8C
Springridge Estate,9
St Andrews Field Estate,6
St Genevieve Estate,2
St Genevieve Estate,4
St Genevieve Estate,5
St Genevieve Estate,6
St Genevieve Estate,7
St Genevieve Estate,8
St Germain Estate,1
St Germain Estate,10
St Germain Estate,11
St Germain Estate,12
St Germain Estate,13
St Germain Estate,14
St Germain Estate,15
St Germain Estate,16
St Germain Estate,17
St Germain Estate,18
St Germain Estate,19
St Germain Estate,2
St Germain Estate,20
St Germain Estate,21
St Germain Estate,22
St Germain Estate,23
St Germain Estate,24
St Germain Estate,25
St Germain Estate,3
St Germain Estate,4
St Germain Estate,5
St Germain Estate,6
St Germain Estate,7
St Germain Estate,8
St Germain Estate,9
St Ronan,2
Stadio United,1
Stadio United,2
Stadio United,3
Starling Estate,1
Starling Estate,2
Starling Estate,3
Stockman Wood,1
Stonefields Estate,2
Stonefields Estate,3
Stonefields Estate,4
Stonehill Estate,10
Stonehill Estate,15
Stonehill Estate,16
Stonehill Estate,17
Stonehill Estate,18
Stonehill Estate,19
Stonehill Estate,20
Stonehill Estate,21
Stonehill Estate,22
Stonehill Estate,23A
Stonehill Estate,24A
Stonehill Estate,24B
Stonehill Estate,26
Stonehill Estate,6
Stonybrook Estate,1
Stonybrook Estate,2
Stotts Hill,1
Stretton Estate,7
Stretton Estate,8
SummerHill Estate,1
Summerfield,2B
Summerfield,5
Summerfield,6
Summerfields North,1A
Summerfields North,5
Summerland,2
Summerland,2A
Summerland,3
Summerland,3A
Summerland,3B
Sunbury Fields Estate,10B
Sunbury Fields Estate,4
Sunbury Fields Estate,6
Sunrise Estate,1
Sunrise Estate,2
Sunrise Estate,4
Sunrise Estate,5
Sunset Views,1
Swan View Estate,1
Swan View Estate,2
Swan View Estate,4
Swarna Estate,1
Talia Estate,2
Talia Estate,3
Tarneit Point,1
Tathra,5
Taylors,2
Taylors,22
Taylors,3
Taylors Hill Estate,1
Taylors Quarter,2
Taylors Rise,1
Taylors Rise,3
Taylors Run,10
Taylors Run,1A
Taylors Run,2
Taylors Run,3
Taylors Run,4
Taylors Run,5
Taylors Run,5A
Taylors Run,6
Taylors Run,7
Taylors Run,8
Taylors Run,9
Temple Views,1
Tesoro Estate,8
Tesoro Estate,9
The Address Estate,2
The Address Estate,5
The Address Estate,6
The Address Estate,7
The Address Estate,8
The Address Estate,9
The Clan,1
The Dunes Estate,1A
The Dunes Estate,5A
The Dunes Estate,5B
The Dunes Estate,6
The Enclave Estate,1
The Enclave Estate,2
The Enclave Estate,3
The Fairways,1
The Fairways,2
The Fairways,3
The Fairways,4
The Fairways,5
The Garden Residences,1
The Gardens,1
The Glen  Estate,1
The Glen  Estate,2
The Glen  Estate,3
The Glen  Estate,4
The Glen  Estate,5
The Glen  Estate,6
The Glen  Estate,7
The Grange,1
The Greens,1
The Grove Estate,1
The Grove Estate,10
The Grove Estate,11
The Grove Estate,12
The Grove Estate,14
The Grove Estate,20
The Grove Estate,21
The Grove Estate,26
The Grove Estate,28
The Grove Estate,30
The Grove Estate,31
The Grove Estate,32
The Grove Estate,35
The Grove Estate,36
The Grove Estate,37
The Grove Estate,37B
The Grove Estate,38
The Grove Estate,45
The Grove Estate,46
The Grove Estate,47
The Grove Estate,48
The Grove Estate,49
The Grove Estate,5
The Grove Estate,50
The Grove Estate,51
The Grove Estate,52
The Grove Estate,53
The Grove Estate,54
The Grove Estate,55
The Grove Estate,6
The Grove Estate,61
The Grove Estate,62
The Grove Estate,63
The Grove Estate,64
The Grove Estate,65
The Grove Estate,66
The Grove Estate,7
The Grove Estate,9
The Heights Estate,3
The Ivy Estate,1
The Ivy Estate,2
The Ivy Estate,3
The Ivy Estate,4
The Ivy Estate,5
The Ivy Estate,6
The Junction,1
The Junction,2
The Junction,3
The Junction,4
The Junction,5
The Junction,6
The Lakeside Land,1
The Lakeside Land,3
The Lookout,1
The Maples Estate,11
The Maples Estate,3B
The Maples Estate,4
The Maples Estate,5B
The Maples Estate,5D
The Maples Estate,6
The Maples Estate,8
The Maples Estate,9
The Meadows on Eureka,1
The Mount - Mount Duneed,1
The Murray,1
The New Bloom Estate,1
The New Bloom Estate,10
The New Bloom Estate,11
The New Bloom Estate,2
The New Bloom Estate,3
The New Bloom Estate,4
The New Bloom Estate,5
The New Bloom Estate,6
The New Bloom Estate,7
The New Bloom Estate,8
The New Bloom Estate,9
The Nook,1
The Orchards,2
The Orchards,3
The Orchards,4
The Orchards,5
The Orchards,6
The Orchards,7
The Patch Estate,1
The Patch Estate,10
The Patch Estate,2
The Patch Estate,3
The Patch Estate,4
The Patch Estate,5
The Patch Estate,6
The Patch Estate,8A
The Patch Estate,9
The Point Estate,10
The Point Estate,11
The Point Estate,16
The Point Estate,18
The Point Estate,19
The Point Estate,20
The Point Estate,8
The Precinct Winchelsea,1
The Precinct Winchelsea,2
The Precinct Winchelsea,3
The Range Estate,1
The Range Estate,2
The Range Estate,4
The Range Estate,5
The Reserve - Drouin,1
The Reserve Estate - Armstrong Creek,1
The Reserve Estate - Armstrong Creek,2
The Reserve Estate - Armstrong Creek,3
The Reserve Estate - Armstrong Creek,3A
The Reserve Estate - Armstrong Creek,4
The Reserve Estate - Armstrong Creek,5
The Reserve Estate - Armstrong Creek,6
The Reserve Estate - Armstrong Creek,7
The Reserve Estate - Armstrong Creek,8
The Reserve Estate - Tarneit,32
The Rise Estate,1
The Rise Estate,2
The Rise Estate,3
The Rise Estate,4
The Rise Estate,5
The Rise Traralgon,1
The Roads,1
The Roads,2
The Tarneit Place,1
The Tarneit Place,2
The Tarneit Place,4
The Tarneit Place,5
The Tarneit Place,6
The Tarneit Place,8
The Village,2
The Waves,2
The Willows at Botanical,30
The Woods Estate,1
The Woods Estate,10
The Woods Estate,12
The Woods Estate,4
The Woods Estate,8
Thompsons Run Estate,2
Thornhill Central,1
Thornhill Central,2
Thornhill Central,3
Thornhill Gardens,1
Thornhill Gardens,2
Thornhill Gardens,3
Thornhill Gardens,4
Thornhill Gardens,5
Thornhill Park Estate,10
Thornhill Park Estate,11
Thornhill Park Estate,12
Thornhill Park Estate,13
Thornhill Park Estate,14
Thornhill Park Estate,15
Thornhill Park Estate,16
Thornhill Park Estate,17
Thornhill Park Estate,18
Thornhill Park Estate,2
Thornhill Park Estate,20
Thornhill Park Estate,21
Thornhill Park Estate,22
Thornhill Park Estate,23
Thornhill Park Estate,24
Thornhill Park Estate,25
Thornhill Park Estate,26
Thornhill Park Estate,27
Thornhill Park Estate,29
Thornhill Park Estate,3
Thornhill Park Estate,30
Thornhill Park Estate,30A
Thornhill Park Estate,4
Thornhill Park Estate,5
Thornhill Park Estate,6
Thornhill Park Estate,7
Thornhill Park Estate,8
Thornhill Park Estate - Mayflower,1
Thornhill Park Estate - Mayflower,2
Thornhill Park Estate - Mayflower,3
Thornhill Park Estate - Mayflower,4
Thoroughbred Estate,1
Thoroughbred Estate,2
Timbarra Estate,1
Timbarra Estate,2
Timbarra Estate,4
Timbarra Estate,5
Timbarra Estate,6A
Timberbelle Place,1
Timbertop Estate - Drouin,1
Timbertop Estate - Officer,1
Timbertop Estate - Officer,17
Timbertop Estate - Officer,24
Timbertop Estate - Officer,26
Timbertop Estate - Officer,4
Tommy's Run,1
Toolern Waters Estate,10
Toolern Waters Estate,11
Toolern Waters Estate,12
Toolern Waters Estate,13
Toolern Waters Estate,2
Toolern Waters Estate,3
Toolern Waters Estate,4
Toolern Waters Estate,5
Toolern Waters Estate,8
Toolern Waters Estate,9
Tramonto Views,1
Tramonto Views,2
Tribella Rise,1
Tribella Rise,2
Trijena Estate,1
Trijena Estate,11
Trijena Estate,12
Trijena Estate,13
Trijena Estate,14
Trijena Estate,15
Trijena Estate,2
Trijena Estate,3
Trijena Estate,4
Trijena Estate,5
Trijena Estate,6
Trijena Estate,7
Trijena Estate,8
Trijena Estate,9
Trillium Estate,13
Trillium Estate,9
True North Estate,11
True North Estate,12
True North Estate,13
True North Estate,14
True North Estate,15
True North Estate,16
True North Estate,17
True North Estate,19
True North Estate,20
True North Estate,22
True North Estate,23
True North Estate,24
True North Estate,6
True North Estate,7
True North Estate,8
True North Estate,9
Tullamore - Stables Estate,1
Tullamore - Stables Estate,2F
Tullamore - Stables Estate,4
Tullamore - Stables Estate,5
Tullamore - Stables Estate,6
Tullamore - Stables Estate,6B
Tulliallan Estate,10
Tulliallan Estate,11
Tulliallan Estate,12
Tulliallan Estate,13
Tulliallan Estate,15
Tulliallan Estate,16
Tulliallan Estate,17
Tulliallan Estate,18
Tulliallan Estate,19
Tulliallan Estate,5
Tulliallan Estate,6
Tulliallan Estate,8
Tulloh Street Estate,1
Tulloh Street Estate,2
Umbra Estate,3
Umbra Estate,4
Underbank Estate,1
Underbank Estate,10
Underbank Estate,11
Underbank Estate,12
Underbank Estate,13
Underbank Estate,15
Underbank Estate,17
Underbank Estate,2
Underbank Estate,21
Underbank Estate,22
Underbank Estate,23
Underbank Estate,3
Underbank Estate,3B
Underbank Estate,5
Underbank Estate,6
Underbank Estate,7
Underbank Estate,8
Underbank Estate,9
Unity Park,1
Unity Park,11
Unity Park,12
Unity Park,13
Unity Park,2
Unity Park,3
Unity Park,4
Unity Park,5
Unity Park,8
Unity Park,9
Upper Point Cook Estate,12
Upper Point Cook Estate,13
Upper Point Cook Estate,14
Upper Point Cook Estate,15
Upper Point Cook Estate,16
Upper Point Cook Estate,16B
Upper Point Cook Estate,17
Upper Point Cook Estate,18
Upper Point Cook Estate,19
Upper Point Cook Estate,20
Upper Point Cook Estate,21
Upper Point Cook Estate,22
Upper Point Cook Estate,23
Upper Point Cook Estate,24
Upper Point Cook Estate,25
Upper Point Cook Estate,26
Upper Point Cook Estate,27
Upper Point Cook Estate,28
Upper Point Cook Estate,29
Upper Point Cook Estate,30
Upper Point Cook Estate,31
Upper Point Cook Estate,32
Upper Point Cook Estate,33
Upper Point Cook Estate,34
Upper Point Cook Estate,35
Upper Point Cook Estate,36
Upper Point Cook Estate,4
Upper Point Cook Estate,5
Upper Point Cook Estate,6
Upper Point Cook Estate,9
Vantage Estate,23
Vantage Estate,24
Vantage Estate,25
Vantage Estate,6
Venus Hill Estate,1
Verdant Hill Estate,1
Verdant Hill Estate,10C
Verdant Hill Estate,11
Verdant Hill Estate,12
Verdant Hill Estate,13
Verdant Hill Estate,14
Verdant Hill Estate,15
Verdant Hill Estate,16
Verdant Hill Estate,17
Verdant Hill Estate,2
Verdant Hill Estate,3
Verdant Hill Estate,4
Verdant Hill Estate,6
Verdant Hill Estate,6A
Verdant Hill Estate,8
Verdant Hill Estate,9C
Verve,1
Verve,2
Verve,3
Verve,4
Verve,6A
Verve,7
Vineyard Estate,5
Viridian,1
Viridian,2
Vista,1
Vista,2
Vista Verde,1
Vista Verde,2
Voltaire Estate,1
Wallan Valley,18
Wallanbrae,1
Wallara Waters Estate,10
Wallara Waters Estate,11
Wallara Waters Estate,12
Wallara Waters Estate,12B
Wallara Waters Estate,13
Wallara Waters Estate,14
Wallara Waters Estate,15
Wallara Waters Estate,16
Wallara Waters Estate,2
Wallara Waters Estate,22
Wallara Waters Estate,9B
Wandana Estate,1
Wandana Estate,2A
Wandana Estate,2B
Wandana Estate,3
Wandana Estate,4
Wandana Estate,5
Wandana Estate,6
Wantirna Rise Estate,1
Waratah Estate,10
Waratah Estate,3
Waratah Estate,9
Warragul Crownlea Estate,1
Warragul Crownlea Estate,10
Warragul Crownlea Estate,11
Warragul Crownlea Estate,12
Warragul Crownlea Estate,2
Warragul Crownlea Estate,3
Warragul Crownlea Estate,4
Warragul Crownlea Estate,5
Warragul Crownlea Estate,6
Warragul Crownlea Estate,7
Warragul Crownlea Estate,8
Warragul Crownlea Estate,9
Warralily Estate,1
Warralily Estate,1 - Springs
Warralily Estate,10
Warralily Estate,101
Warralily Estate,102
Warralily Estate,103
Warralily Estate,105A
Warralily Estate,106
Warralily Estate,108
Warralily Estate,110
Warralily Estate,111
Warralily Estate,113
Warralily Estate,114
Warralily Estate,115
Warralily Estate,115B
Warralily Estate,116
Warralily Estate,117
Warralily Estate,119
Warralily Estate,12
Warralily Estate,13
Warralily Estate,14
Warralily Estate,15
Warralily Estate,19
Warralily Estate,2
Warralily Estate,20
Warralily Estate,22
Warralily Estate,23
Warralily Estate,24A
Warralily Estate,25
Warralily Estate,26
Warralily Estate,27
Warralily Estate,27B
Warralily Estate,3
Warralily Estate,34A
Warralily Estate,34B
Warralily Estate,35
Warralily Estate,35B
Warralily Estate,36
Warralily Estate,37
Warralily Estate,4
Warralily Estate,40
Warralily Estate,41
Warralily Estate,43
Warralily Estate,44
Warralily Estate,45
Warralily Estate,46a
Warralily Estate,5
Warralily Estate,50
Warralily Estate,61
Warralily Estate,64
Warralily Estate,67
Warralily Estate,68
Warralily Estate,69
Warralily Estate,6A
Warralily Estate,7
Warralily Estate,71
Warralily Estate,71B
Warralily Estate,72
Warralily Estate,73
Warralily Estate,74
Warralily Estate,75
Warralily Estate,78B
Warralily Estate,79
Warralily Estate,8
Warralily Estate,80
Warralily Estate,9
Warralily Estate,92
Warralily Estate,94
Warralily Estate,95
Warralily Estate,96
Warralily Estate,97
Warralily Estate,98
Water Edge Estate,2
Water Edge Estate,3
Water Edge Estate,4
Waterford Estate,11
Waterford Estate,8
Waterford Rise,Sanctuary Release
Waterford Rise Estate,1
Waterford Rise Estate,30
Waterford Rise Estate,32
Waterford Rise Estate,48
Waterford Rise Estate,49
Waterford Rise Estate,51
Waterford Rise Estate,55
Waterford Rise Estate,56
Waterford Rise Estate,57
Waterford Rise Estate,58
Waterford Rise Estate,59
Waterford Rise Estate,60
Waterford Rise Estate,61
Waterford Rise Estate,62
Waterford Rise Estate,63
Waterford Rise Estate,64
Waterford Rise Estate,66
Waterford Rise Estate,67
Waterford Rise Estate,68
Waterford Rise Estate,71
Waterford Rise Estate,72
Watergrass Estate,1
Watergrass Estate,1A
Watergrass Estate,2
Waterhaven Estate,12
Waterhaven Estate,13
Watermark Estate,1
Watermark Estate,10
Watermark Estate,11
Watermark Estate,12
Watermark Estate,2
Watermark Estate,3
Watermark Estate,4
Watermark Estate,5
Watermark Estate,6
Watermark Estate,7
Watermark Estate,8
Watermark Estate,9
Waterways,5
Waterways,6
Watsons Reach,1
Wattle Estate,1
Wattle Estate,2
Wattle Estate,3
Wattle Grove Estate,1
Wattle Grove Estate,2
Wattle Grove Estate,3
Wattle Grove Estate,4
Wattle Grove Estate,5
Wattle Park,1
Wattle Park,2
Wattle Park,3
Wattle Park,4
Wattle Park,5
Wattle Park,6
Wattle Park,7
Wattlewood Estate,5
Waverley Park,16
Waverly Woods,1
Webb,1
Webb,2
Wedge Road. Skye,1
Wedge Road. Skye,2
Wedge Road. Skye,3
Wedge Road. Skye,4
Wellington Rise Estate,4
Wellington Rise Estate,5
Werona Waters Estate,1
Westbrook Estate - Northern Precinct,35
Westbrook Estate - Northern Precinct,36
Westbrook Estate - Northern Precinct,37
Westbrook Estate - Northern Precinct,38
Westbrook Estate - Northern Precinct,39
Westbrook Estate - Northern Precinct,40
Westbrook Estate - Northern Precinct,41
Westbrook Estate - Northern Precinct,42
Westbrook Estate - Northern Precinct,43
Westbrook Estate - Northern Precinct,44
Westbrook Estate - Northern Precinct,45
Westbrook Estate - Northern Precinct,46
Westbrook Estate - Northern Precinct,47
Westbrook Estate - Northern Precinct,48
Westbrook Estate - Northern Precinct,49
Westbrook Estate - Northern Precinct,50
Westbrook Estate - Northern Precinct,51
Westbrook Estate - Northern Precinct,52
Westbrook Estate - Northern Precinct,53
Westbrook Estate - Northern Precinct,54
Westbrook Estate - Northern Precinct,56
Westbrook Estate - Northern Precinct,57
Westbrook Estate - Northern Precinct,59
Westbrook Estate - Northern Precinct,61
Westbrook Estate - Northern Precinct,63
Westbrook Estate - Northern Precinct,64
Westbrook Estate - Northern Precinct,66
Westbrook Estate - Northern Precinct,67A
Westbrook Estate - Northern Precinct,68
Westbrook Estate - Northern Precinct,69
Westbrook Estate - Northern Precinct,73
Westbrook Estate - Southern Precinct,16
Westbrook Estate - Southern Precinct,29
Westbrook Estate - Southern Precinct,3
Westbrook Estate - Southern Precinct,30
Westbrook Estate - Southern Precinct,31
Westbrook Estate - Southern Precinct,33
Westbrook Estate - Southern Precinct,7
Westbrook Estate - The Edge,55
Westbrook Estate - The Edge,58
Westbrook Estate - The Edge,59
Westbrook Kilmore,1
Western Gardenia,1
Western Gardenia,2
Westwood Place Estate,1
Westwood Place Estate,2A
Westwood Place Estate,2B
Westwood Place Estate,4
Westwood Place Estate,8A
Westwood Walk Estate,1
Westwood Walk Estate,10
Westwood Walk Estate,13
Westwood Walk Estate,14
Westwood Walk Estate,15
Westwood Walk Estate,15A
Westwood Walk Estate,16
Westwood Walk Estate,17
Westwood Walk Estate,18
Westwood Walk Estate,19
Westwood Walk Estate,2
Westwood Walk Estate,20
Westwood Walk Estate,21
Westwood Walk Estate,3
Westwood Walk Estate,4
Westwood Walk Estate,5
Westwood Walk Estate,8
Westwood Walk Estate,9
Whitehill,3
Willandra  Estate,11
Willandra  Estate,12
Willandra  Estate,13
Willandra  Estate,15
Willandra  Estate,16
Willandra  Estate,7
Willandra  Estate,8
Williams Landing - Addison Estate,4A
Williams Landing - Addison Estate,A1
Williams Landing - Addison Estate,A2
Williams Landing - Addison Estate,A3
Williams Landing - Addison Estate,AW2
Williams Landing - Addison Estate,AW2C
Williams Landing - Elmstead Estate,E2
Williams Landing - Elmstead Estate,E4
Williams Landing - Elmstead Estate,E5
Williams Landing - Elmstead Estate,E6
Williams Landing Estate,22
Williams Landing Estate,25
Williams Landing Estate,3
Williams Landing Estate,3D
Williams Landing Estate,5
Williams Landing Estate,K1
Williams Landing Estate,W1
Williams Landing Estate,W3
Williams Walk Estate,1
Williams Walk Estate,2
Williams Walk Estate,3
Williams Walk Estate,4
Willow Estate - Gisborne,1
Willow Estate - Gisborne,11
Willow Estate - Gisborne,13
Willow Estate - Gisborne,14
Willow Estate - Gisborne,2
Willow Estate - Gisborne,3
Willow Estate - Gisborne,4
Willow Estate - Gisborne,5
Willow Estate - Gisborne,7
Willow Estate - Gisborne,9
Willow Estate - Mt Duneed,1
Willow Estate - Mt Duneed,2
Willow Springs,1
Willow Springs,2
Willow Springs,3
Willow Springs,4
Willowstone,6
Windermere Estate,1
Windermere Estate,10
Windermere Estate,11
Windermere Estate,12
Windermere Estate,15
Windermere Estate,16
Windermere Estate,17
Windermere Estate,18
Windermere Estate,19
Windermere Estate,2
Windermere Estate,20
Windermere Estate,21
Windermere Estate,23
Windermere Estate,24
Windermere Estate,25
Windermere Estate,26
Windermere Estate,27
Windermere Estate,3
Windermere Estate,4
Windermere Estate,5
Windermere Estate,6
Windermere Estate,7
Windermere Estate,8
Windermere Estate,9
Winery Hill,1
Winland Estate,1
Winland Estate,2
Winning Post Estate,1
Winter Valley Rise Estate,3
Winter Valley Rise Estate,4
Winter Valley Rise Estate,4B
Winter Valley Rise Estate,5A
Winter Valley Rise Estate,5B
Winter Valley Rise Estate,6A
Winter Valley Rise Estate,6B
Winter Valley Rise Estate,7
Winterfield Estate,1
Winterfield Estate,10
Winterfield Estate,11
Winterfield Estate,12
Winterfield Estate,13
Winterfield Estate,14B
Winterfield Estate,2
Winterfield Estate,3
Winterfield Estate,3A
Winterfield Estate,4
Winterfield Estate,5
Winterfield Estate,6
Winterfield Estate,7
Winterfield Estate,8
Winterfield Estate,9
Winterfield North,1
Winterfield North,2
Winterset Lodge Estate,1
Winterset Lodge Estate,2
Winterset Lodge Estate,3
Winton,1
Winton,2
Winton,3
Winton,4
Winton,5
Winton,6
Winton,7
Wollahra Rise,1
Wollahra Rise,2
Wollahra Rise,2A
Wollahra Rise,2B
Wollahra Rise,3
Wollahra Rise,3A
Wollahra Rise,4
Wollert Rise,10
Wollert Rise,11
Wollert Rise,13
Wollert Rise,2
Wollert Rise,3
Wollert Rise,6
Wollert Rise,8
Wonderland,1
Wonga Park Estate,1
Woodland Park,1
Woodlands Estate,1
Woodlea Estate,14
Woodlea Estate,17
Woodlea Estate,2
Woodlea Estate,20
Woodlea Estate,21
Woodlea Estate,22
Woodlea Estate,27
Woodlea Estate,3
Woodlea Estate,30
Woodlea Estate,31
Woodlea Estate,32
Woodlea Estate,33
Woodlea Estate,34
Woodlea Estate,35
Woodlea Estate,36
Woodlea Estate,37
Woodlea Estate,39
Woodlea Estate,40
Woodlea Estate,42
Woodlea Estate,43
Woodlea Estate,44
Woodlea Estate,46
Woodlea Estate,47
Woodlea Estate,49
Woodlea Estate,51
Woodlea Estate,53
Woodlea Estate,54
Woodlea Estate,55
Woodlea Estate,57
Woodlea Estate,6
Woodlea Estate,60
Woodlea Estate,61
Woodlea Estate,62
Woodlea Estate,63
Woodlea Estate,65
Woodlea Estate,66
Woodlea Estate,67
Woodlea Estate,7
Woodlea Estate,75
Woodlea Estate,76
Woodlea Estate,8
Woodlea Estate,8B
Woodsong,2
Woodsong,3
Worthington Estate,10
Wyndham Gardens,1
Wyndham Gardens,2
Wyndham Harbour Estate,4
Wyndham Vale,1
Wyndham Vale,2
Wyndham Vale Central,1
Wynnbrook Estate,11
Wynnbrook Estate,12
Wynnbrook Estate,13
Wynnbrook Estate,14
Wynnbrook Estate,15
Wynnbrook Estate,2
Wynnbrook Estate,3
Wynnbrook Estate,4
Wynnbrook Estate,5
Wynnbrook Estate,6
Wynnbrook Estate,7
Wynnbrook Estate,8
Wynnbrook Estate,9
Yaringa,1
Yaringa,2
Yaringa,3
Yaringa,5
Yaringa,6
Yaringa,7
Yorkdale Estate,10
Yorkdale Estate,14
Yorkdale Estate,18
Yorkdale Estate,19
Yorkdale Estate,20
Yorkdale Estate,21
Yorkdale Estate,22
Yorkdale Estate,23
Yorkdale Estate,24
Yorkdale Estate,25
Zeal Estate,1
Zeal Estate,2
