brand,category_name,description,price,date_added,notes,sort_order
Hermitage Homes,PACKS,"Provide Single Storey Upgrade Package including:
- 2720mm high ceilings to a single storey
- Provide Evaporative Cooling with up to 8No. Outlets, to the whole single storey house in lieu of 1No. split system in Living Area
- Provide Laminate Laundry Cabinets and M0 Mineral Surface Benchtop in lieu of standard Trough and Steel Cabinet including:
  - 900mm wide x 580mm deep Laminate Cabinets with 1No. Doors
  - 20mm M0 Mineral Surface Benchtop with 20mm Square Edge
  - 1No.Posh Domaine Trough 45L Stainless Steel Trough
  - 900mm wide x 700mm high Category 1 Tiled Splashback above the Cabinet with approx. 600mm return
- Provide approx. 900mm wide x 660mm high x 320mm deep Laminate Overhead Cabinets",8500,2023-10-04,standard now 2590mm,1
Hermitage Homes,PACKS,"Provide Double Storey Upgrade Package including:
- 2720mm high ceilings to the Ground Floor and 2590mm high ceilings to the First Floor
- Provide Evaporative Cooling with 5No. outlets to upstairs only of a double storey in lieu of split system to the First Floor.
- Provide Laminate Laundry Cabinets and M0 Mineral Surface Benchtop in lieu of standard Trough and Steel Cabinet including:
  - 900mm wide x 580mm deep Laminate Cabinets with 1No. Doors
  - 20mm M0 Mineral Surface Benchtop with 20mm Square Edge
  - 1No. Posh Domaine Trough 45L Stainless Steel Trough
  - 900mm wide x 400mm high Category 1 Tiled Splashback
- Provide approx. 900mm wide x 660mm high x 320mm deep Laminate Overhead Cabinets and 900mm wide x 300mm high Category 1 Splashback Wall Tiles to the Laundry wall above Laundry Benchtop",5999,2023-10-04,standard now 2590mm,2
Hermitage Homes,PACKS,"Provide Kitchen Promotion Pack including:
- 40mm square edge to the Kitchen wall and island cabinets. Please note: M0 Mineral Surface benchtops over 3000mm in length will require a join in the benchtop. This join will be placed in the most inconspicuous position.
- 1No. Posh Solus MK3 Double Bowl Undermount Sink in Stainless Steel to the Kitchen in lieu of standard double bowl sink.
- 1No. Posh Solus MK2 Gooseneck Sink Mixer in Chrome to the Kitchen in lieu of standard Sink Mixer.
- 1No. 800mm wide x 900mm high Category 1 M0 Mineral Surface Waterfall End with 40mm Square Edging to either side of the Kitchen Island Benchtop if applicable, otherwise to one side of the Kitchen Island Benchtop.
- 1No. Capped water point to the Fridge space.
- 3No. Piatto 240 Black in Colour over Kitchen Island.
- Built in Domain 900mm Under Mount Rangehood (UMH90B).
- Category 1, colour on clear glass splashback to the Kitchen in lieu of wall tiles. Note: Refer to Colour Selection for colour. Glass has a green tinge to it, not 100% clear.",4999,2023-10-04,,3
Hermitage Homes,PACKS,"Provide Bathroom & Ensuite Promotion Pack for up to 2No. Wet areas including:
- Category 1 floor to ceiling wall tiles to 2No. Wet Areas (excluding WC) includes square set plaster and laser battening to ceiling
- 1No. approx. 330mm high x 535mm wide Tiled Shower Niche to each shower up to 2No. showers
- Provide Posh Domaine Semi Inset Basin to all Basins in lieu of standard Basin
- Posh Solus MK3 Basin Mixer Tap in Chrome to all Basins in lieu of standard Basin Mixer
- Posh Domaine Twin Rail Shower in Chrome to all the showers in lieu of standard shower outlet
- Posh Domaine Close Coupled Rimless Toilet Suite to all the Toilets in lieu of standard",6999,2023-10-04,"Up to 2 wet areas (bathroom/ensuites), 2 basins, 2 basin mixers, 2 shower niches, 2 toilets and 2 Shower rails. 2 full height tiled areas",4
Hermitage Homes,PACKS,"Provide Bathroom & Ensuite Promotion Pack for up to 3No. Wet Areas (Co Living Designs) including:
- Category 1 floor to ceiling wall tiles to 3No. Wet Areas (excluding WC) includes square set plaster and laser battening to ceiling
- 1No. approx. 330mm high x 535mm wide Tiled Shower Niche to each shower up to 3No. showers
- Provide Posh Domaine Semi Inset Basin to all Basins in lieu of standard Basin
- Posh Solus MK3 Basin Mixer Tap in Chrome to all Basins in lieu of standard Basin Mixer
- Posh Domaine Twin Rail Shower in Chrome to all the showers in lieu of standard shower outlet
- Posh Domaine Close Coupled Rimless Toilet Suite to all the Toilets in lieu of standard",10599,2025-03-14,"Up to 3 wet areas (bathroom/ensuites), 3 basins, 3 basin mixers, 3 shower niches, 3 toilets and 3 Shower rails. 3 full height tiled areas",5
Hermitage Homes,PACKS,"Provide Bathroom & Ensuite Promotion Pack to the Leon 22 GE including:
- Category 1 floor to ceiling wall tiles to Ensuite 1, 2, 3, 4 and 5 (excluding WC) includes square set plaster and laser battening to ceiling
- 1No. approx. 330mm high x 535mm wide Tiled Shower Niche to Ensuite 2, 3, 4 and 5 showers
- Provide Posh Domaine Semi Inset Basin to Ensuite 2, 3, 4 and 5 Basins in lieu of standard Basin
- Posh Solus MK3 Basin Mixer Tap in Chrome to Ensuite 2, 3, 4 and 5 Basins in lieu of standard Basin Mixer
- Posh Domaine Twin Rail Shower in Chrome to Ensuite 2, 3, 4 and 5 showers in lieu of standard shower outlet
- Posh Domaine Close Coupled Rimless Toilet Suite to Ensuite 2, 3, 4 and 5  Toilets in lieu of standard",14999,2025-03-14,"Up to 5 wet areas (bathroom/ensuites) but consider Ensuite 1 only gets the full height tiling nothing else as it is a specificlly designed accessible room, 4 basins, 4 basin mixers, 4 shower niches, 4 toilets and 4 Shower rails. 5 full height tiled areas",6
Hermitage Homes,PACKS,"Provide Single Storey Kickstarter Package including:
- Provide Single Storey Upgrade Package including:
  - 2590mm ceiling height to Single Storey
  - 40mm Square Edge to M0 Mineral Surface Benchtops in Kitchen
  - Provide Evaporative Cooling, up to 8No. outlets, to Single Storey in lieu of 1No. Split System
  - 2No. external Lights to Façade
- Provide 1No. Capped water point to the Fridge space
- Provide 1No. additional Double GPO to the Kitchen Island (1No. total)
- Provide 1No. 2040mm high x up to 1800mm wide Sliding Door unit with 2No. Mirror Sliding Doors to Bed 2, Bed 3 & Bed 4 if applicable in lieu of standard hinged only doors (3No. Units total)",9500,,,7
Hermitage Homes,PACKS,"Provide downgrade pack to a single storey including:
- Provide standard laminate benchtop in lieu of M0 Mineral Surface benchtop
- Provide standard light points in lieu of LED lights
- Provide Cat 1 carpet in lieu of Cat 2
- Remove 1No. split system to the Living",-3000,,,8
Hermitage Homes,PACKS,"Provide downgrade pack to a double storey including:
- Provide standard laminate benchtop in lieu of M0 Mineral Surface benchtop
- Provide standard light points in lieu of LED lights
- Provide Cat 1 carpet in lieu of Cat 2
- Remove 1No. split system to the Living and 1No. to the Master (2No. Total)",-5000,,,9
Hermitage Homes,CEILING HEIGHTS,Provide 2720mm high ceilings in lieu of 2590mm to a single storey.,5000,,standard now 2590mm,1
Hermitage Homes,CEILING HEIGHTS,Provide 2590mm high ceilings in lieu of 2440mm to the first floor of a double storey.,4000,,,2
Hermitage Homes,CEILING HEIGHTS,Provide 2720mm high ceilings in lieu of 2590mm to the ground floor of a double storey.,5000,,standard now 2590mm,3
Hermitage Homes,EXTERNALS,"Provide Neutralizing to all Brickwork.
Note: For light coloured Bricks, the acid wash needs to be neutralized to help prevent iron staining, acid burning or vanadium staining.",220.00000000000003,,,1
Hermitage Homes,EXTERNALS,Provide a Re-Establishment Survey due to shared crossover.,1000,,,2
Hermitage Homes,EXTERNALS,Provide 1No. 2040mm high x 820mm wide PMAD Door with Obscure Glazing to the Front Entry in lieu of standard with Clear Glazing.,105,,,3
Hermitage Homes,EXTERNALS,Provide 1No. 2040mm high x 820mm wide PMAD Door with Translucent Glazing to the Front Entry in lieu of standard with Clear Glazing.,385,,,4
Hermitage Homes,EXTERNALS,Provide 1No. 2040mm high x 920mm wide PMAD Door with Clear Glazing to the Front Entry in lieu of 2040mm high x 820mm wide PMAD Door with Clear Glazing.,217,,,5
Hermitage Homes,EXTERNALS,Provide 1No. 2040mm high x 1020mm wide PMAD Door with Clear Glazing to the Front Entry in lieu of 2040mm high x 820mm wide PMAD Door with Clear Glazing.,375,,,6
Hermitage Homes,EXTERNALS,"Provide 1No. 2340mm high Front Entry Door in lieu of standard 2040mm.
Note: Requires 2720mm high ceilings.",440.00000000000006,,,7
Hermitage Homes,EXTERNALS,Provide 1No. 2000 litre Water Tank including plumbing and connections to up to 3No. Toilets.,4400,2025-12-19,,8
Hermitage Homes,EXTERNALS,Provide 1No. 5000 litre Water Tank including plumbing and connections to up to 3No. Toilets.,6600.000000000001,2025-12-19,,9
Hermitage Homes,EXTERNALS,"Provide 450mm wide eaves to the front Façade, returning 1500mm around the house.",1100,,,10
Hermitage Homes,EXTERNALS,"Provide 450mm wide eaves to the front Façade, returning 3000mm around the house.",1320,,,11
Hermitage Homes,EXTERNALS,Provide a 25 degree roof pitch in lieu of 22.5 degrees.,0,,,12
Hermitage Homes,EXTERNALS,Provide a Rendered finish to the front projection in lieu of face Brickwork.,1650,,,13
Hermitage Homes,EXTERNALS,Provide a Rendered finish to the whole front Façade in lieu of face Brickwork.,3300,,,14
Hermitage Homes,EXTERNALS,"Provide category 1 Brickwork above all windows & doors in lieu of painted infill panel.
Note: This excludes Garage sectional panel.",2420,,,15
Hermitage Homes,EXTERNALS,Provide category 1 Brickwork above the Garage door in lieu of painted infill panel.,1210,,,16
Hermitage Homes,EXTERNALS,Provide Category 4 Flat profile Roof Tiles and Full Sarking where required in lieu of category 1 Shaped Roof Tiles.,3000,,,17
Hermitage Homes,EXTERNALS,Provide Colorbond Roofing with 1No. Whirlybird and Sarking in lieu of category 1 Roof Tiles.,5990,,,18
Hermitage Homes,EXTERNALS,Provide colour through concrete driveway and path to the front porch in lieu of colour on concrete.,550,,,19
Hermitage Homes,EXTERNALS,"Provide exposed aggregate concrete driveway, path to the front porch and outdoor living in lieu of colour on concrete.",5560,,,20
Hermitage Homes,EXTERNALS,Provide Instant Turf to Nature Strip.,1200,,,21
Hermitage Homes,EXTERNALS,"Provide 1No. 760mm x 460mm Rectangular Skylight, to suit a Tiled Roof, to #####.
Note: Exact location to be decided on site and is based off Roof Truss layout.",1480,,,22
Hermitage Homes,EXTERNALS,"Provide 1No. 760mm x 460mm Rectangular Skylight, to suit a Colorbond Roof, to #####.
Note: Exact location to be decided on site and is based off Roof Truss layout.",1664,,,23
Hermitage Homes,EXTERNALS,Provide 1No. Capped Gas point to the Outdoor Living.,231,,,24
Hermitage Homes,EXTERNALS,"Provide Provisions to Outdoor Living; including:
- 1No. Capped Gas point
- 1No. Capped Cold and 1No. Capped Hot Water Point
- 1No. additional Waste Point",787,,,25
Hermitage Homes,EXTERNALS,"Provide Double Glazed Aluminium Windows and Sliding Doors to the entire Single Storey House in lieu of Single Glazing.
Note: All windows will be changed to Awning.",8000,,,26
Hermitage Homes,EXTERNALS,"Provide Double Glazed Aluminium Windows and Sliding Doors to the entire Double Storey House in lieu of Single Glazing.
Note: All windows will be changed to Awning.",13000,,,27
Hermitage Homes,EXTERNALS,"Provide 1No. Lockwood Nexion Lever Entrance Set with L3 Lever, in Satin Chrome, to the Front Entry in lieu of standard Entrance Set.",233,,,28
Hermitage Homes,EXTERNALS,Provide 1No. Whirlybird.,324,,,29
Hermitage Homes,EXTERNALS,Provide 1No. 1200mm high x 600mm wide Single Glazed Aluminium Sliding Window with Obscure Glazing to the ######## in lieu of Brickwork.,200,,,30
Hermitage Homes,EXTERNALS,Provide 1No. 1800mm high x 1500mm wide Single Glazed Aluminium Sliding Window to the ######## in lieu of Brickwork.,180,,,31
Hermitage Homes,EXTERNALS,"Provide a 1000mm wide plain concrete path around the home. From the Garage rear door, continuing around three sides and terminating at the side gate/wing fence. For homes up to and including 22 Squares",6700,,,32
Hermitage Homes,EXTERNALS,Provide Artificial turf to the front yard only in lieu of natural turf $120m2 Calculated by plan,0,,,33
Hermitage Homes,INTERNALS,Provide 1No. 2040mm high x 820mm wide hinged and latched flush panel door with standard lever handles in lieu of opening.,0,,,1
Hermitage Homes,INTERNALS,Provide 1No. 2040mm high x 820mm wide Hinged Aluminium Barrier Door with Black Diamond Grille and Fibreglass Mesh to the #########. (#No. Total).,0,,,2
Hermitage Homes,INTERNALS,Provide 1No. 2040mm high x 1020mm wide Hinged Aluminium Barrier Door with Black Diamond Grille and Fibreglass Mesh to the #########. (#No. Total).,0,,,3
Hermitage Homes,INTERNALS,"Provide 1No. 2340mm high internal flush panel door to the ############# in lieu of 2040mm high (#No. Total).
Note: Requires 2720mm high ceilings.",0,,,4
Hermitage Homes,INTERNALS,Provide 1No. 2040mm high x up to 1800mm wide Sliding Door unit with 2No. Vinyl Sliding Doors to ########## in lieu of standard hinged only doors. (1No. Unit total),0,,,5
Hermitage Homes,INTERNALS,Provide 1No. 2040mm high x up to 1800mm wide Sliding Door unit with 2No. Mirror Sliding Doors to ########## in lieu of standard hinged only doors. (1No. Unit total),0,,,6
Hermitage Homes,INTERNALS,Provide 1No. Whitco Privacy Lock to ########## in lieu of standard Passage Set. (1No. Total),0,,,7
Hermitage Homes,INTERNALS,"Provide a Stained Hardwood Timber Staircase in lieu of standard carpeted MDF staircase including:
- Stained Hardwood Timber Treads and Closed Risers
- Painted Posts, Balustrading & Handrail where applicable
- Painted Handrail only where closed by walls",7000,,,8
Hermitage Homes,INTERNALS,"Provide 1No. Painted 2040mm high x 820mm wide Hinged & Latched Flush Panel Garage/House Access Door, with 1No. Entrance Set, from the Entry to the Garage in lieu of standard 90mm plaster wall.",392,,,9
Hermitage Homes,INTERNALS,Provide 1No. 2000mm high set of 4No. 508mm wide standard Drawers and 2No. adjustable Shelves to ###########. (#No. Total),392,,,10
Hermitage Homes,INTERNALS,Provide soft close hinges to the cabinet doors to the whole House in lieu of standard hinges.,1500,,,11
Hermitage Homes,INTERNALS,Provide 1No. ###mm wide Cavity Sliding Door to the ########### in lieu of opening.,413,2025-12-19,,12
Hermitage Homes,INTERNALS,Provide 1No. ###mm wide Cavity Sliding Door and 1No. additional heating outlet to the Ensuite in lieu of opening.,563,,,13
Hermitage Homes,INTERNALS,"Provide 1No. ###mm wide Cavity Sliding Door to the WIR in lieu of opening, 1No. ###mm wide Cavity Sliding Door and 1No. additional heating outlet to the Ensuite in lieu of opening. (2No. total)",976,,,14
Hermitage Homes,INTERNALS,Provide an L Shaped fingerpull throughout Home in lieu of standard Cabinet Handles.,1100,,,15
Hermitage Homes,INTERNALS,"Provide Matte Black finishes to all standard Chrome Fittings/Fixtures. This includes and is not limited to EVERYTHING in the Bathroom/Ensuite, Internal & External Door Handles/Hinges/Latches/Strikers/Stops, Plug & Waste, Shower Screens, Tile Trims, Sink Mixers & Cabinet Handles. 
- Posh Solus MK3 Basin Mixer Tap in Matte Black in lieu of standard
- Posh Solus MK3 Shower/Wall Mixer in Matte Black in lieu of standard
- Posh Solus MK3 Wall Bath Mixer Set in Matte Black in lieu of standard
- Posh Solus MK3 Gooseneck Sink Mixer in Matte Black to the Kitchen and Laundry in lieu of standard
- Posh Domaine Single Rail Shower in Matte Black in lieu of standard
- Posh Solus MK2 Toilet Roll Holder Matte Black in Matte Black
- Posh Solus MK2 Single Towel Rail 750mm Matte Black
- Lockwood Velocity passage/privacy set and dummy handles, in Matte Black, in lieu of standard
- Lockwood Symmetry series entrance set Element Lever – 7550 Matte Black in lieu of standard
- Window frames to be Black
- Sliding door frame to be Black",3600,2023-10-04,,16
Hermitage Homes,ELECTRICAL,Provide 1No. additional Amphis Jasper Single LED Black Flood Light with sensor to the ########. (1No. Total),150,,,1
Hermitage Homes,ELECTRICAL,Provide 1No. additional Amphis Jasper Double LED Black Flood Light with sensor to the #########. (1No. Total),175,,,2
Hermitage Homes,ELECTRICAL,Provide 1No. additional Weatherproof Double GPO to the ##########. (1No. Total),115,,,3
Hermitage Homes,ELECTRICAL,Provide 1No. Light Batten & Nogg for future Pendant.,98,,,4
Hermitage Homes,ELECTRICAL,Provide 3No. Piatto 240 Pendant Lights Black in Colour over Kitchen Island.,350,,,5
Hermitage Homes,ELECTRICAL,Provide 1No. additional Double GPO with 2No. USB ports to the ##########. (1No. Total),172,,,6
Hermitage Homes,ELECTRICAL,Provide LED downlights in lieu of standard light points. (#No. Total) Refer to plans for locations.,105,,,7
Hermitage Homes,ELECTRICAL,Provide LED downlights in lieu of standard light points throughout House for Single Storey. Refer to plans for locations.,1260,,,8
Hermitage Homes,ELECTRICAL,Provide LED downlights in lieu of standard light points throughout House for Double Storey. Refer to plans for locations.,1785,,,9
Hermitage Homes,ELECTRICAL,"Provide 1No. 48"" ceiling fan to the #######. (#No. Total)",570,2025-12-19,,10
Hermitage Homes,ELECTRICAL,"Provide 1No. 48"" ceiling fan with light to ######### in lieu of LED light. (#No. Total)",0,2025-12-19,,11
Hermitage Homes,ELECTRICAL,Provide 1No. Brilliant White Vector-III 52'' AC Ceiling Fan with CCT LED Light to the ceiling of the Outdoor Living in lieu of standard light point,650,2026-02-05,,12
Hermitage Homes,ELECTRICAL,Provide 1No. Additional Double GPO to all bedrooms.,528,,,13
Hermitage Homes,ELECTRICAL,Provide 1No. additional Double GPO to the #########. (#No. Total),0,2025-12-19,,14
Hermitage Homes,ELECTRICAL,"Provide Fire Safety inclusions:
- Provide Photoelectric Smoke Alarms
- Provide Thermal Alarms
- Provide evacuation Lights including relay from smoke alarms
- Provide 2.5kg Dry Powder Extinguisher
- Provide Exit Door Hardware
- Includes return trip to fit off",12500,,,15
Hermitage Homes,ELECTRICAL,"Provide a Bosch 3000 Alarm Security System including:
1 x Bosch 3000 16 Zone Alarm System with Icon Keypad & Battery Back-up
3 x Standard PIR Sensors
1 x External siren/strobe
1 x Internal Siren
Including pre-wire, installation and programming",2200,2025-12-19,,16
Hermitage Homes,ELECTRICAL,Provide 1No. Fan/Light/Heater with 4No. Heat Globes to the ######### in lieu of 1No. Exhaust Fan and 1No. Light Point. (##No. total),0,2025-12-19,,17
Hermitage Homes,ELECTRICAL,Provide 2No. Supply and install CLIPSAL WDL830 up/down lights to front Porch (2No. total),540,2025-12-19,,18
Hermitage Homes,ELECTRICAL,Provide 1No. additional LED Dimmable Downlight Warm White.,115,2025-12-19,,19
Hermitage Homes,ELECTRICAL,Provide 1No. additional TV point for NBNco Community.,89,2025-12-19,,20
Hermitage Homes,ELECTRICAL,Doodwe 3KW standard inverter 5 x 440w Tier 1 panels - 2.2KW System.,5162,2024-08-14,,21
Hermitage Homes,ELECTRICAL,Doodwe 3KW standard inverter 12 x 440w Tier 1 panels - 5.28KW System.,9150,2024-08-14,,22
Hermitage Homes,ELECTRICAL,"Provide 1No. Panacom PAN830SK Colour Doorbell Video Intercom with Touchscreen including:
- 1No. Surface Colour Camera
- 1No. 7"" Touchscreen LCD Monitor
- 1No. GPO behind Monitor",1595.0000000000002,2025-12-19,,23
Hermitage Homes,ELECTRICAL,Provide 3 phase power to the home in lieu of single phase including additional internal switchboard for increased number of modules. Pending 3 phase availability in power pit. If deemed not available client to organise at their cost or a reduction in number of appliances in home will be required to comply with single phase connection.,2300,2025-09-19,,24
Hermitage Homes,HEATING & COOLING,Provide 1No. additional 3.5kw split system unit to the Master Bedroom.,2540,2025-12-19,,1
Hermitage Homes,HEATING & COOLING,"Provide Evaporative Cooling with up to 8No. outlets, to the whole single storey house in lieu of 1No. split system in Living Area.",4060,2025-12-19,,2
Hermitage Homes,HEATING & COOLING,Provide Evaporative Cooling with 8No. outlets to a single storey.,6230,2025-12-19,,3
Hermitage Homes,HEATING & COOLING,Provide Evaporative Cooling with 5No. outlets to upstairs only of a double storey.,4730,,,4
Hermitage Homes,HEATING & COOLING,Provide Evaporative Cooling with up to 5No. outlets to upstairs only of a double storey in lieu of 1No. split system in Master Bedroom.,3430,,,5
Hermitage Homes,HEATING & COOLING,"Provide Refrigerated Reverse Cycle Cooling to a Single Storey up to 20 Squares in lieu of standard gas ducted and split system including:
- 1No. Rinnai DINLR09B1/DONSR09B1 Electric Reverse Cycle one phase air conditioning system ducted to
8 ceiling points.
- Up to 8No. outlets 
- 2No. Zone Motors *Zone 1 (Day): Living * Zone 2: (Night) Sleeping
- 1 No. Programmable Controller with separate 2 zone manual gang switch Day/night Zoning (no individual temp control to zones)
- 1No. Filtered Return Air Grille
- 1200mm (W) x 650mm (D) Concrete Pad for Condenser Unit
- 25amp external isolated weatherproof GPO for condenser unit to RHS of condenser unit
- 16amp single GPO for roof space unit",10000,2025-06-24,DG priced via fraser air.,6
Hermitage Homes,HEATING & COOLING,"Provide Refrigerated Reverse Cycle Cooling to a Single Storey up to 16 Squares in lieu of standard gas ducted and split system including:
- 1No. Rinnai DINLR07B1/DONSR07B1 Electric Reverse Cycle one phase air conditioning system ducted to
7 ceiling points.
- Up to 7No. outlets 
- 2No. Zone Motors *Zone 1 (Day): Living * Zone 2: (Night) Sleeping
- 1 No. Programmable Controller with separate 2 zone manual gang switch Day/night Zoning (no individual temp control to zones)
- 1No. Filtered Return Air Grille
- 1200mm (W) x 650mm (D) Concrete Pad for Condenser Unit
- 20amp external isolated weatherproof GPO for condenser unit to RHS of condenser unit
- 16amp single GPO for roof space unit",7500,2025-08-13,DG priced via fraser air.,7
Hermitage Homes,HEATING & COOLING,"Provide Refrigerated Reverse Cycle Cooling to the Leon 22 with 6 zones in lieu of standard gas ducted and split system including:
Rinnai DINLR11B1/DONSR11B1 Single Phase to 8 outlets
Including Touch Screen Smart Tablet, 6 zones with air management system as detailed & Wi-Fi
Bypass airflow management system and upgraded square vents in lieu of round
Zone 1: Family/Meals/Kitchen, Entry Zone 2: Bed 1
Zone 3: Bed 2 Zone 4: Bed 3
Zone 5: Bed 4 Zone 6: Bed 5
R1.5 Insulated duct work to upper roof space
16Amp isolated GPO in roof space 
32Amp Weatherproof isolated GPO to outdoor Condenser unit
1200 x 650mm concrete slab for condenser unit",14500,2025-08-19,DG priced via fraser air.,8
Hermitage Homes,HEATING & COOLING,"Provide 1No.Bonaire Optima ODT-14ID, ODT-14OT 14.0kW single phase reverse cycle ducted system to 8 outlets, 3 to ground floor, 5 to first floor, to accommodate for Spencer 24 Floor plan
2 x zone motors to service the following
Zone 1 = Ground Floor                                                        4.1kW cooling*
Zone 2 = First Floor                                                            6.2kW cooling*
1 x filtered return air grill
1 x thermostat with zone control",14628,2024-01-29,,9
Hermitage Homes,HEATING & COOLING,"Provide 1No. Bonaire Optima ODT-16ID, ODT-16OT 15.5kW single phase reverse cycle ducted system to 10 outlets, 4 to ground floor, 6 to first floor, to accommodate for Cambridge 28 Floor plan
2 x zone motors to service the following
Zone 1 = Ground Floor                                                        4.1kW cooling*
Zone 2 = First Floor                                                            6.2kW cooling*
1 x filtered return air grill
1 x thermostat with zone control",16384.6,2024-01-29,,10
Hermitage Homes,HEATING & COOLING,"Provide 1No. Bonaire Optima ODT-16ID, ODT-16OT 15.5kW single phase reverse cycle ducted system to 11 outlets, 5 to ground floor, 6 to first floor, to accommodate for Cambridge 31 Floor plan
2 x zone motors to service the following
Zone 1 = Ground Floor                                                        4.1kW cooling*
Zone 2 = First Floor                                                            6.2kW cooling*
1 x filtered return air grill
1 x thermostat with zone control",16604.2,2024-01-29,,11
Hermitage Homes,KITCHEN,"Provide 40mm square edge to the Kitchen wall and island cabinets.
Please note: M0 Mineral Surface benchtops over 3000mm in length will require a join in the benchtop. This join will be placed in the most inconspicuous position.",550,,,1
Hermitage Homes,KITCHEN,Provide 1No. Posh Solus MK3 Double Bowl Undermount Sink in Stainless Steel to the ######### in lieu of standard double bowl sink.,645,2023-10-04,,2
Hermitage Homes,KITCHEN,Provide 1No. Capped water point to the Fridge space.,180,,,3
Hermitage Homes,KITCHEN,"Provide a Category 1, colour on clear glass splashback to the Kitchen in lieu of wall tiles.
Note: Refer to Colour Selection for colour. Glass has a green tinge to it, not 100% clear. Maximum 3600mm wide Panel.",1870.0000000000002,,,4
Hermitage Homes,KITCHEN,"Provide a Category 3 Low Iron Glass Solid Colour Splashback to the Kitchen in lieu of wall tiles.
Note: Refer to Colour Selection for colour. Maximum 3600mm wide Panel.",2830,,,5
Hermitage Homes,KITCHEN,Provide 1No. 800mm wide x 900mm high Category 1 M0 Mineral Surface Waterfall End with 40mm Square Edging to one side of the Kitchen Island Benchtop. (1No. total),792,,,6
Hermitage Homes,KITCHEN,Provide 1No. 800mm wide x 900mm high Category 1 M0 Mineral Surface Waterfall End with 20mm Square Edging to either side of the Kitchen Island Benchtop. (2No. total),1522,,,7
Hermitage Homes,KITCHEN,Provide 1No. 800mm wide x 900mm high Category 1 M0 Mineral Surface Waterfall End with 20mm Square Edging to one side of the Kitchen Island Benchtop. (1No. total),761,,,8
Hermitage Homes,KITCHEN,Provide 1No. 800mm wide x 900mm high Category 1 M0 Mineral Surface Waterfall End with 40mm Square Edging to either side of the Kitchen Island Benchtop. (2No. total),1584,,,9
Hermitage Homes,KITCHEN,Provide 1No. Posh Solus MK2 Gooseneck Sink Mixer in Chrome to the Kitchen in lieu of standard.,200,2023-10-04,,10
Hermitage Homes,KITCHEN,"Provide Inalto appliances in lieu of Domain including:
- 900mm Freestanding Dual Fuel Cooker RU9EGB
- 900mm Canopy Rangehood ARC90BS
- 600mm Freestanding Dishwasher 7 Programs IDW7CS",1160,,,11
Hermitage Homes,KITCHEN,"Provide Electric appliances in lieu of standard including:
- 1No. Domain 900mm Premium Quality 10 Function Electric Oven - DEO-X90
- 1No. Domain Dual Bridge Induction Cooktop with Triple Flexi-Zone Burners and Touch Controls – 900mm – IND90-EC",1559,,,12
Hermitage Homes,KITCHEN,Provide 60mm Square Edge to the Kitchen Wall and Island Cabinets in lieu of 40mm in the upgrade pack.,600,,,13
Hermitage Homes,KITCHEN,Provide 60mm Square Edge to the Kitchen Wall and Island Cabinets in lieu of standard 20mm.,800,,,14
Hermitage Homes,KITCHEN,"Provide built in appliances in lieu of standard including:
- 1No. Domain 900mm 9 Function Fan Forced Electric Oven – DEO – R90A to the Kitchen in lieu of standard 900mm Freestanding Cooker  
- 1No. Domain 860mm Cooktop with Cast Iron Trivets and Wok Burner – IGC90-WOK-A.",665,,,15
Hermitage Homes,KITCHEN,Provide 1No. 600mm wide x 400mm high Microwave Space with 1No. Double GPO and 1No. approx. 350mm high x 600mm wide Pot Drawer below to the Kitchen Island in lieu of standard Doors.,181,,,16
Hermitage Homes,KITCHEN,Provide 1No.  Mizu Soothe MK2 Gooseneck Pull Out Sink Mixer Curved Chrome (5 Star) Lead Free with Vege Spray (2267440) in lieu of standard mixer,420,2025-06-02,,17
Hermitage Homes,KITCHEN,Provide #No. Bank of #No. approx. #mm wide Standard Laminate Pot Drawers to the ########### in lieu of standard #No. Cabinet Doors. (#No. Drawers total),0,,,18
Hermitage Homes,KITCHEN,Provide Hafele - 5 Wire baskets - RRPTY - 400,770,,,19
Hermitage Homes,KITCHEN,"Provide Vinyl Wrap cabinetry to all cabinetry in the Kitchen, Powder Room, Ensuite and Bathroom in lieu of standard laminate.",0,,,20
Hermitage Homes,KITCHEN,Provide built in rangehood Domain 900mm Under Mount Rangehood - UMH-90B in lieu of standard.,520,,,21
Hermitage Homes,LAUNDRY,Provide approx. 900mm wide x 660mm high x 320mm deep Laminate Overhead Cabinets and 900mm wide x 300mm high Category 1 Splashback Wall Tiles to the Laundry wall above Trough and Cabinet.,458,,,1
Hermitage Homes,LAUNDRY,"Provide Laminate Laundry Cabinets and M0 Mineral Surface Benchtop in lieu of standard Trough and Steel Cabinet including:
- 900mm wide x 580mm deep Laminate Base Cabinets with 2No. Doors
- 20mm M0 Mineral Surface Benchtop with 20mm Square Edge
- 1No. Posh Domaine 45ltr Stainless Steel Trough
- 900mm wide x 400mm high Category 1 Tiled Splashback",1020,,,2
Hermitage Homes,BATHROOM/ENSUITE/POWDER,"Provide 1No. Step free tiled shower base recessed into slab including 12mm water stops to the Bedroom 1, 2 & 3 Ensuite in lieu of hobbed shower. (3No. Total)",1500,,,1
Hermitage Homes,BATHROOM/ENSUITE/POWDER,Provide 1No. Posh Bristol Single Rail Shower in chrome to the ############## in lieu of standard arm & rose. (1No. Total),107,2023-10-04,,2
Hermitage Homes,BATHROOM/ENSUITE/POWDER,"Provide category 1 floor to ceiling wall tiles to the Bathroom, Guest Ensuite and Ensuite.
Note: Excludes Ensuite WC if applicable.",7500,,,3
Hermitage Homes,BATHROOM/ENSUITE/POWDER,Provide 1No. approx. 330mm high x 535mm wide Tiled Shower Niche to the ##########. (1No. Total),358,,,4
Hermitage Homes,BATHROOM/ENSUITE/POWDER,"Provide 1No. Posh Solus Freestanding 1500mm Bath to Bathroom in lieu of standard Bath in Hob including:
- Remove Hob and standard inset Bath
- Category 1 Wall and Floor Tiles
- 1No. Posh Solus MK3 Wall Bath Mixer Set Chrome
- 1No. Posh Solus Freestanding 1500mm Bath",1528,2023-10-04,,5
Hermitage Homes,BATHROOM/ENSUITE/POWDER,"Provide 1No. Posh Solus Freestanding 1780mm Bath to Bathroom in lieu of standard Bath in Hob including:
- Remove Hob and standard inset Bath
- Category 1 Wall and Floor Tiles
- 1No. Posh Solus MK3 Wall Bath Mixer Set Chrome
- 1No. Posh Solus Freestanding 1780mm Bath",1628,2023-10-04,,6
Hermitage Homes,BATHROOM/ENSUITE/POWDER,Provide 1No. Posh Solus MK3 Basin Mixer Tap in Matte Black to the ######### in lieu of standard. (#No. Total),110,2023-10-04,,7
Hermitage Homes,BATHROOM/ENSUITE/POWDER,Provide 1No. Posh Solus MK3 Shower/Wall Mixer in Matte Black to the ########## in lieu of standard. (#No. Total),80,2023-10-04,,8
Hermitage Homes,BATHROOM/ENSUITE/POWDER,Provide 1No. Clark Square Wall Hung Basin with Standard Basin Mixer to the WC.,990,2023-10-04,,9
Hermitage Homes,BATHROOM/ENSUITE/POWDER,Provide 1No. Posh Solus MK3 Wall Bath Mixer Set in Matte Black to the Bathroom Bath in lieu of standard. (1No. Total),100,2023-10-04,,10
Hermitage Homes,BATHROOM/ENSUITE/POWDER,Provide 1No. Posh Solus MK3 Basin Mixer Tap in Chrome to the ######### in lieu of standard. (#No. Total),80,2023-10-04,,11
Hermitage Homes,BATHROOM/ENSUITE/POWDER,Provide 1No. Posh Solus MK3 Shower/Wall Mixer in Chrome to the ########## in lieu of standard. (#No. Total),60,2023-10-04,,12
Hermitage Homes,BATHROOM/ENSUITE/POWDER,Provide 1No. Posh Solus MK3 Wall Bath Mixer Set in Chrome to the Bathroom Bath in lieu of standard. (1No. Total),180,2023-10-04,,13
Hermitage Homes,BATHROOM/ENSUITE/POWDER,Provide 1No. Posh Domaine Semi Inset Basin to the ######### in lieu of standard. (#No. Total),150,2023-10-04,,14
Hermitage Homes,BATHROOM/ENSUITE/POWDER,"Provide a 1500mm wide Double Vanity option to the ######### in lieu of standard including:
- 20mm M0 Mineral Surface Benchtop
- 4No. 500mm wide doors in lieu of 2No. 500mm wide
- 1500mm wide Mirror in lieu of 1000mm wide
- 1No. additional standard Basin Mixer
- 1No. additional standard Inset Basin",1450,,,15
Hermitage Homes,BATHROOM/ENSUITE/POWDER,"Provide above counter top basin in lieu of standard including:
- 1No. ADP Louie Above Counter Basin (no taphole)
-  Posh Solus MK3 Extended Basin Mixer Tap Chrome",388,2023-10-04,,16
Hermitage Homes,BATHROOM/ENSUITE/POWDER,"Provide 1No. Posh Domaine Single Rail Shower in Chrome, in lieu of standard. (1No. Total)",320,2023-10-04,,17
Hermitage Homes,BATHROOM/ENSUITE/POWDER,"Provide 1No. Posh Domaine Single Rail Shower in Matte Black, in lieu of standard. (1No. Total)",365,2023-10-04,,18
Hermitage Homes,BATHROOM/ENSUITE/POWDER,Provide 1No. Posh Domaine Close Coupled Rimless Toilet Suite to the ########## in lieu of standard. (1No. Total),100,2023-10-04,,19
Hermitage Homes,BATHROOM/ENSUITE/POWDER,Provide 1No. Posh Solus Undermount Basin to the ########## in lieu of standard Basin. (1No. total),312,2023-10-04,,20
Hermitage Homes,BATHROOM/ENSUITE/POWDER,Provide 1No. Posh Domaine Rimless Close Coupled Back to Wall Toilet Suite  to the ########## in lieu of standard. (1No. Total),450,2023-10-04,,21
Hermitage Homes,BATHROOM/ENSUITE/POWDER,"Provide 1No. Posh Domaine Twin Rail Shower in Chrome, in lieu of standard. (1No. Total)",361,2023-10-04,,22
Hermitage Homes,BATHROOM/ENSUITE/POWDER,"Provide 1No. Posh Domaine Twin Rail Shower in Matte Black, in lieu of standard Shower. (1No. Total)",434,2023-10-04,,23
Hermitage Homes,BATHROOM/ENSUITE/POWDER,Provide 1No. Posh Solus MK2 Double Towel Rail in Chrome to the ######### in lieu of Single Towel Rail. (#No. Total),65,2023-10-04,,24
Hermitage Homes,BATHROOM/ENSUITE/POWDER,Provide 1No. Posh Solus MK2 Guest Towel Ring Chrome to the ########. (#No. Total),55,2023-10-04,,25
Hermitage Homes,FLOOR COVERINGS,Provide category 2 Carpet to the entire house excluding tiled and wet areas (refer to standard plans) in lieu of category 1.,0,,,1
Hermitage Homes,FLOOR COVERINGS,"Provide Category 1 Bronze Range Floor Tiles to the Lounge, Study, Master Bedroom, Bed 2, Bed 3 and Bed 4 in lieu of Category 1 Carpet.",0,,,2
Hermitage Homes,FLOOR COVERINGS,"Provide Category 3 Gold Range 600mm x 600mm Floor Tiles (Non rectified edge) to the Entry, Kitchen, Living areas, Rear Hallway and Wet Areas in lieu of Cat 1 Bronze Range Floor Tiles.",0,,,3
Hermitage Homes,FLOOR COVERINGS,"Provide Category 3 Gold Range 600mm x 600mm Floor Tiles (Non rectified edge) to the Lounge, Study, Master Bedroom, Bed 2, Bed 3 and Bed 4 in lieu of Category 1 Carpet.",0,,,4
Hermitage Homes,FLOOR COVERINGS,"Provide Category 7 Hybrid Flooring to the Entry, Kitchen, Living areas and Rear Hallway if applicable in lieu of Category 1 Bronze Range Floor Tiles.",0,2022-09-09,,5
Hermitage Homes,FLOOR COVERINGS,"Provide Category 7 Hybrid Flooring to the Lounge, Study, Master Bedroom, Bed 2, Bed 3 and Bed 4 in lieu of Category 1 Carpet.
*Note - Upgrade only applies to Ground Floor. No timber laminate to First Floor.",0,2022-09-09,,6
Hermitage Homes,GROUP/HOUSE RELATED,Provide Stainless Steel Brick Ties due to proximity of Salt Water.,500,,,1
Hermitage Homes,GROUP/HOUSE RELATED,"COMPLETED HOMES INCLUSIONS:
Provide 40mm square edge to the Kitchen wall and island cabinets.
Please note: Engineered stone benchtops over 3000mm in length will require a join in the benchtop. This join will be placed in the most inconspicuous position.
Provide 1No. Posh Solus MK3 Gooseneck Sink Mixer in Chrome to the Kitchen in lieu of standard.
Provide 1No. Capped water point to the Fridge space.
Provide Laminate Laundry Cabinets and Engineered Stone Benchtop in lieu of standard Trough and Steel Cabinet including:
- 900mm wide x 580mm deep Laminate Cabinets with 2No. Doors
- 20mm Engineered Stone Benchtop with 20mm Square Edge
- 1No. Everhard Benchline 45ltr Stainless Steel Trough
- 900mm wide x 400mm high Category 1 Tiled Splashback
Provide category 1 floor to ceiling wall tiles to the Bathroom, Guest Ensuite and Ensuite.
Note: Excludes Ensuite WC if applicable.
Provide Matte Black finishes to all standard Chrome Fittings/Fixtures. This includes and is not limited to EVERYTHING in the Bathroom/Ensuite, Internal & External Door Handles/Hinges/Latches/Strikers/Stops, Plug & Waste, Shower Screens, Tile Trims, Sink Mixers & Cabinet Handles. 
- Posh Solus MK3 Basin Mixer Tap in Matte Black in lieu of standard
- Posh Solus MK3 Shower/Wall Mixer in Matte Black in lieu of standard
- Posh Solus MK3 Wall Bath Mixer Set in Matte Black in lieu of standard
- Posh Solus MK3 Gooseneck Sink Mixer in Matte Black to the Kitchen and Laundry in lieu of standard
- Posh Domaine Single Rail Shower in Matte Black in lieu of standard
- Posh Solus MK2 Toilet Roll Holder Matte Black in Matte Black
- Posh Solus MK2 Single Towel Rail 750mm Matte Black
- Lockwood Velocity passage/privacy set and dummy handles, in Matte Black, in lieu of standard
- Lockwood Symmetry series entrance set Element Lever – 7550 Matte Black in lieu of standard
- Window frames to be Black
- Sliding door frame to be Black
Provide Stainless Steel Brick Ties due to proximity of Salt Water.
Provide 1No. approx. 330mm high x 535mm wide Tiled Shower Niche to the Bathroom and Ensuite showers. (2No. Total)
Provide 1No. Posh Bristol Single Rail Shower in chrome to the Bathroom and Ensuite showers in lieu of standard arm & rose. (2No. Total)
Provide 1No. Posh Solus MK3 Double Bowl Undermount Sink in Stainless Steel to the ######### in lieu of standard double bowl sink.",11475,2024-08-19,Completed Homes,2
Hermitage Homes,GROUP/HOUSE RELATED,"MPAI INCLUSIONS:
- Provide Colorbond roofing in lieu of category 1 Roof Tiles
- Provide 1No. York 3.0kw Split System Air Conditioner to the #########
- Provide Standard light point and conical light shade throughout home in lieu of Supply & Install LED Downlights.
- Provide 1No. Light Batten & Nogg and Bollene Small Pendant – Frosted Glass
- Provide Domain 600mm Oven , 580mm Cooktop and 600mm Rangehood in lieu of 900mm Domain appliances.
- Provide 1No. 600mm wide x 400mm high Microwave Space with 1No. Double GPO and 1No. approx. 350mm high x 600mm wide Pot Drawer below to the ######### in lieu of standard Doors
- Provide 1No. Oliveri Sonetto Double Bowl Universal Sink - SN63TU - Stainless Steel to the ######### in lieu of standard double bowl sink
- Provide Laminate benchtops throughout home in lieu of M0 Mineral Surface Benchtops throughout home
- Provide 1No. approx. 280mm high x 280mm wide Tiled Shower Niche to the ######### Shower
- Provide exposed aggregate concrete driveway, front porch and outdoor living",13000,,MPAI,3
Hermitage Homes,GROUP/HOUSE RELATED,"Provide 1No. 2040mm high x 820mm wide Stained VMAD104 Door, with Clear Glazing, to the Front Entry in lieu of PMAD101 with Clear Glazing
Provide Colorbond roofing in lieu of category 1 Roof Tiles.
Provide Timbagrain sectional panel door in lieu of standard.
Provide Austral Access Stone Category 3 Brickwork in lieu of Category 1 to the entire house.",0,,MPAI,4
Hermitage Homes,GROUP/HOUSE RELATED,Provide Depth Extension to Prominent Facade Porch to comply with SLHC Requirements.,2100,2022-12-15,,5
Hermitage Homes,GROUP/HOUSE RELATED,Provide Depth Extension to Alpha Façade Porch to comply with SLHC Requirements.,2500,2022-12-15,,6
Hermitage Homes,GROUP/HOUSE RELATED,"Provide the Double Garage Option to the Jackson 18, as per sketch. 
*Note, minimum lot width to be 12.5m wide.",7900,2023-06-01,,7
Hermitage Homes,GROUP/HOUSE RELATED,"Provide the Double Garage Option to the Lucas 16, as per sketch. 
*Note, minimum lot width to be 10.5m wide.",7900,2023-06-07,,8
Hermitage Homes,GROUP/HOUSE RELATED,"Provide the Ensuite to Bed 2 Option to the Heath 21, as per sketch.",7430,2023-09-06,,9
Hermitage Homes,GROUP/HOUSE RELATED,"Provide the Double Garage Option to the Boomer 14 and 17, as per sketch. 
*Note, minimum lot width to be 10.5m wide.",7900,2023-08-04,,10
Hermitage Homes,GROUP/HOUSE RELATED,"Provide the Double Garage Option to the Cabot 13, as per sketch. 
*Note, minimum lot width to be 10.5m wide.",7900,2023-09-12,,11
Hermitage Homes,GROUP/HOUSE RELATED,HH $2K Markup,2000,2024-12-04,,12
Hermitage Homes,GROUP/HOUSE RELATED,HH $5K Markup,5000,2024-06-20,,13
Hermitage Homes,GROUP/HOUSE RELATED,"Provide the GE living pack including:
- Additional Ensuite with standard fixtures and fittings (design dependant)
- Solid Flush panel doors to the bedrooms only including Digital Deadbolts additional to the passage sets.
- Solid Flush panel door to WIP (Number of and location design dependant) 
- Lockable Pull out pantries and/or WIP with 1No. Digital Deadbolt and 1No. Passage Set (Number of and location design dependant)",0,2023-09-22,"AG 6/02/2025 - WIP door now 1No. Digital 
Deadbolt and 1No. Passage Set ilo entrance
set approved by management",14
Hermitage Homes,GROUP/HOUSE RELATED,"Provide Fire Sprinklers to the home as designed by Fire Consultancy including:
External Water tank serviced by mains cold water point.
Thermal detectors
Smoke alarms
Indicator strobe with sounder
Connection to pump
Number of ceiling mounted fire sprinklers (location and quantity design dependant)
Certificates and compliance included.",51500,2024-04-10,DG reviewed price with Suni and Shifa 12/5/2025,15
Hermitage Homes,GROUP/HOUSE RELATED,"Provide the Double Garage Option to the Access 22, as per sketch. 
*Note, minimum lot width to be 13.5m wide.",7900,2024-06-04,,16
Hermitage Homes,GROUP/HOUSE RELATED,"Provide the Double Garage Option to the Access 18, as per sketch. 
*Note, minimum lot width to be 12.5m wide.",7900,2024-06-06,,17
Hermitage Homes,GROUP/HOUSE RELATED,"Provide the Corner Treatment Option for the Cabot 13 including:
- Provide approx.350mm width reduction to the Bathroom.
- Provide a 1000mm high x 600mm wide Aluminium Sliding Window to the Bathroom in lieu of brickwork.
- Re arrange the Bathroom to suit.",430,2024-09-03,,18
Hermitage Homes,GROUP/HOUSE RELATED,Reventon Charity Mark up DO NOT ADD TO TENDER,1000,2024-12-03,,19
Hermitage Homes,GROUP/HOUSE RELATED,Provide 1No. Additional TV point and Double GPO at 300mm high from FFL to all bedrooms of a GE product. Additional TV points include for TV signal booster.,850,2025-07-18,Applies to Co Living product and price based off Leon,20
Hermitage Homes,GROUP/HOUSE RELATED,Provide 1No. Additional TV point and Double GPO at 300mm high from FFL to all bedrooms to the Forrest 32. Additional TV points include for TV signal booster.,1700,2025-08-25,Applies to Co Living product and price based off Leon,21
Hermitage Homes,GROUP/HOUSE RELATED,"Provide the Aspire Group upgrade pack including:
Provide Neutralizing to all Brickwork.
Note: For light coloured Bricks, the acid wash needs to be neutralized to help prevent iron staining, acid burning or vanadium staining.
Provide 1No. additional Weatherproof Double GPO to the Outdoor Living (1No. Total)
Provide Category 7 Hybrid Flooring to the Entry, Kitchen, Living areas and Rear Hallway if applicable in lieu of Category 1 Bronze Range Floor Tiles.
Provide 1No. 2040mm high x 920mm wide PMAD Door with Clear Glazing to the Front Entry in lieu of 2040mm high x 820mm wide PMAD Door with Clear Glazing.
Provide 1No. Additional Double GPO to all bedrooms. 
Provide 1No. 2040mm high x up to 1800mm wide Sliding Door unit with 2No. Mirror Sliding Doors to Bed 2, 3 & 4in lieu of standard hinged only doors. (3No. Unit total)
Provide Evaporative Cooling with up to 8No. outlets, to the whole single storey house in lieu of 1No. split system in Living Area.
Provide 1No. Posh Solus MK2 Gooseneck Sink Mixer in Chrome to the Kitchen in lieu of standard.
Provide category 1 Brickwork above all windows & doors in lieu of painted infill panel.
Note: This excludes Garage sectional panel.
Provide 1No. additional TV point for NBNco Community.
Provide 40mm square edge to the Kitchen wall and island cabinets.
Please note: M0 Mineral Surface benchtops over 3000mm in length will require a join in the benchtop. This join will be placed in the most inconspicuous position.
Provide category 1 floor to ceiling wall tiles to the Bathroom, Guest Ensuite (if applicable) and Ensuite.
Note: Excludes Ensuite WC if applicable.
Provide 1No. 800mm wide x 900mm high Category 1 M0 Mineral Surface Waterfall End with 20mm Square Edging to either side of the Kitchen Island Benchtop. (2No. total)",20069,2025-07-22,"Aspire Group only, requested by Layal 22/7",22
Hermitage Homes,GROUP/HOUSE RELATED,"Provide Axon Property Group inclusions including:
1No. Capped cold water point to the fridge space
1no 48"" Ceiling fan to each bedroom and living not including light. (5No. Total)",2150,2025-08-06,,23
Hermitage Homes,GROUP/HOUSE RELATED,$5k offset DO NOT ADD TO TENDER,5000,2025-09-11,,24
Hermitage Homes,GROUP/HOUSE RELATED,$8k offset DO NOT ADD TO TENDER,8000,2025-09-11,,25
Hermitage Homes,GROUP/HOUSE RELATED,"Provide the Leon 22 Upgrade Pack including:
2720mm high ceilings
900mm wide x 660mm high x 320mm deep Laminate Overhead Cabinets and 900mm wide x 300mm high Category 1 Splashback Wall Tiles to the Laundry wall above Trough and Cabinet.
1No. Additional 2.5KW Split system to each of the bedrooms (5No. Total)
Three phase power to the home in lieu of single phase including additional internal switchboard for increased number of modules. Pending 3 phase availability in power pit. If deemed not available client to organise at their cost or a reduction in number of appliances in home will be required to comply with single phase connection.",16999,2025-09-24,"$20k value, JC approved $16,999",26
Hermitage Homes,GROUP/HOUSE RELATED,"Provide 1No. White 48"" ceiling fan without light to each Bedroom, Living area, Lounge (if applicable) and Outdoor Living (up to 7No. Total)",3990,2026-01-14,For CR Property group only,27
Hermitage Homes,GROUP/HOUSE RELATED,Land Referral Fee DO NOT ADD TO TENDER,5000,2025-10-20,,28
Hermitage Homes,REGULATORY,Provide performance solution for stepless entry to be deemed to comply with requirements due to more than 400mm of fall over the site,2000,2025-05-09,,1
Hermitage Homes,REGULATORY,KINGSBRIDGE COMPLETE PROMO,0,,,2
Hermitage Homes,REGULATORY,"Provide a Colour And Electrical Voucher including:
Pay $2,999
$10,000 to be used for colours and electrical upgrades
Can be used to upgrade cooling on single storey homes",2999,2025-10-20,,3
